schoolcampus,dbn,bldg_code
PS 1(BS),15K001,K001
PS 3(BROOKLYN),13K003,K003
P4@P843(BN),75K004,K843
PS 5(BROOKLYN),16K005,K005
PS 6(BROOKLYN),17K006,K006
PS 7(BROOKLYN),19K007,K007
PS 10(BS),15K010,K010
PS 11(BN),13K011,K011
IS 14(BS),22K014,K014
PS 15(BROOKLYN),15K015,K015
PS 17(BROOKLYN),14K017,K017
PS 18(BROOKLYN),14K018,K018
PS 19(BROOKLYN),14K019,K019
PS 21(BROOKLYN),16K021,K021
PS 24(BROOKLYN),15K024,K024
PS 25(BROOKLYN),16K025,K025
PS 28(BROOKLYN),16K028,K028
PS 29(BROOKLYN),15K029,K029
IS 30(BS),20K030,K331
PS 32(BROOKLYN),15K032,K032
PS 34(BROOKLYN),14K034,K034
P036K(BROOKLYN),19K036,K857
PS 38(BROOKLYN),15K038,K038
PS 39(BROOKLYN),15K039,K039
PS 41(BROOKLYN),23K041,K041
PS 44(BROOKLYN),13K044,K044
PS 45(BROOKLYN),32K045,K045
PS 46(BROOKLYN),13K046,K046
JHS 50(BN),14K050,K050
MS 51(BS),15K051,K051
PS 52(BROOKLYN),22K052,K052
PS 54(BROOKLYN),13K054,K054
PS 56(BROOKLYN),13K056,K056
MS 57(BN),16K057,K057
PS 58(BROOKLYN),15K058,K058
MS 61(BS),17K061,K061
IS 62(BS),20K062,K062
PS 66 (BROOKLYN),18K066,K066
PS 67(BROOKLYN),13K067,K067
IS 68(BS),18K068,K068
PS 69 (BROOKLYN),20K069,K069
JUAN MOREL CAMPOS SECONDARY SCH-IS 71K(BN),14K071,K071
PS 72(BROOKLYN),19K072,K072
PS 73(BROOKLYN),23K073,K073
PS 75(BROOKLYN),32K075,K075
PS 81(BROOKLYN),16K081,K081
PS 84(BROOKLYN),14K084,K084
PS 89 CYPRESS HILLS (BROOKLYN),19K089,K814
PS 90(BROOKLYN),21K090,K090
PS 91(BROOKLYN),17K091,K091
PS 92(BROOKLYN),17K092,K092
PS 93(BROOKLYN),13K093,K093
PS 94(BROOKLYN),15K094,K094
PS 95(BROOKLYN),21K095,K095
PS 97(BROOKLYN),21K097,K097
IS/JHS 98(BS),21K098,K043
PS 99(BROOKLYN),21K099,K099
PS 100(BS),21K100,K100
PS 101(BS),21K101,K101
PS 102(BS),20K102,K102
PS 104(BS),20K104,K104
PS 105(BS),20K105,K105
PS 106(BN),32K106,K106
PS 107(BS),15K107,K107
PS 109(BS),22K109,K395
PS 110(BN),14K110,K110
JHS 113(BN),13K113,K113
PS 114(BS),18K114,K114
PS 115(BS),18K115,K115
PS 116(BN),32K116,K116
PS 120(BN),14K120,K120
PS 121(BS),21K121,K121
PATHWAYS IN TECHNOLOGY EARLY COLLEGE HS(P-TECH)(BN),17K122,K625
PS 123(BN),32K123,K123
PS 124 SILAS B.DUTCHER(BS),15K124,K124
SUCCESS ACADEMY CHARTER SCHOOL - BED-STUY 2(BN),84K125,K059
JHS 126(BN),14K126,K126
PS 127(BS),20K127,K127
PS 128(BS),21K128,K128
PS 130(BS),15K130,K130
PS 131(BS),15K131,K131
PS 132(BN),14K132,K132
PS 133(BS),13K133,K317
PS 135(BS),18K135,K135
PS 137(BN),23K137,K137
PS 138(BN),17K138,K138
PS 139(BS),22K139,K139
P140(BN),75K140,K258
PS 145(BN),32K145,K145
PS 146(BS),15K146,K142
PS 149(BROOKLYN),19K149,K149
PS 150(BROOKLYN),23K150,K150
PS 151(BROOKLYN),32K151,K151
PS 153(BROOKLYN),21K153,K153
PS 155(BROOKLYN),23K155,K155
PS 157(BROOKLYN),14K157,K157
PS 158(BROOKLYN),19K158,K158
PS 159(BN),19K159,K159
PS 160(BS),20K160,K160
IS 162(BN),32K162,K162
PS 163 BATH BEACH (BROOKLYN),20K163,K807
PS 164(BROOKLYN),20K164,K164
PS 165(BROOKLYN),23K165,K165
JHS 166 GEORGE GERSHWIN(BN),19K166,K166
PS 167(BROOKLYN),17K532,K167
PS 169(BROOKLYN),15K169,K169
PS 170(BROOKLYN),20K170,K170
PS 172(BROOKLYN),15K172,K172
PS 176(BROOKLYN),20K176,K176
PS 177(BROOKLYN),21K177,K177
PS 178(BROOKLYN),23K178,K178
PS 179(BROOKLYN),20K179,K179
PS 181(BROOKLYN),17K181,K181
PS 184(BROOKLYN),23K184,K184
PS 185(BROOKLYN),20K185,K185
PS 186(BROOKLYN),20K186,K186
IS/JHS 187(BS),20K187,K486
PS 188(BROOKLYN),21K188,K188
PS 189(BROOKLYN),17K189,K189
PS 191(BROOKLYN),17K191,K191
PS 192(BROOKLYN),20K192,K192
PS 193(BROOKLYN),22K193,K193
PS 194(BROOKLYN),22K194,K194
PS 195(BROOKLYN),22K195,K195
PS 196(BROOKLYN),14K196,K196
PS 197(BROOKLYN),22K197,K197
PS 198(BROOKLYN),22K198,K198
PS 200(BROOKLYN),20K200,K200
IS 201(BS),20K201,K201
PS 202(BROOKLYN),19K202,K202
PS 203(BROOKLYN),22K203,K203
PS 204(BROOKLYN),20K204,K204
PS 205(BROOKLYN),20K205,K205
PS 206(BROOKLYN),22K206,K206
PS 207(BROOKLYN),22K207,K207
PS 208(BROOKLYN),18K208,K208
PS 209(BROOKLYN),21K209,K209
IS 211(BS),18K211,K211
PS 212(BROOKLYN),21K212,K212
PS 213(BROOKLYN),19K213,K213
PS 214(BROOKLYN),19K214,K214
PS 215(BROOKLYN),21K215,K215
PS 216(BROOKLYN),21K216,K216
PS 217(BROOKLYN),22K217,K217
PS 219(BROOKLYN),18K219,K219
IS 220(BS),20K220,K220
PS 221(BROOKLYN),17K221,K221
PS 222(BROOKLYN),22K222,K222
PS 224(BROOKLYN),19K224,K224
PS 226(BROOKLYN),21K226,K226
IS 227(BS),20K227,K227
IS 228(BS),21K228,K228
PS 229(BROOKLYN),20K229,K229
PS 230(BROOKLYN),15K230,K230
PS 233(BROOKLYN),18K233,K233
IS 234(BS),22K234,K234
PS 235 LENOX SCHOOL(BS),18K235,K235
PS 236(BROOKLYN),22K236,K236
PS 238(BROOKLYN),21K238,K238
MARK TWAIN IS 239 FOR THE GIFTED & TALENTED(BS),21K239,K239
ANDRIES HUDDE JHS(BS),22K240,K240
PS 241(BROOKLYN),17K241,K241
PS 243(BROOKLYN),16K243,K243
PS 245(BROOKLYN),22K245,K735
PS 247(BROOKLYN),20K247,K247
PS 249(BROOKLYN),17K249,K249
PS 250(BROOKLYN),14K250,K250
PS 251(BROOKLYN),22K251,K251
PS 253(BROOKLYN),21K253,K253
PS 254(BROOKLYN),22K254,K254
PS 255(BROOKLYN),22K255,K255
PS 256(BROOKLYN),13K256,K256
PS 257(BROOKLYN),14K257,K257
JHS 259 WILLIAM MCKINLEY(BS),20K259,K259
PS 261(BROOKLYN),15K261,K261
PS 262(BROOKLYN),16K262,K262
PS 264 BAY RIDGE ELEMENTARY SCHOOL FOR THE ARTS(BS),20K264,K264
DR.SUSAN MCKINNEY SECONDARY SCHOOL OF THE ARTS(BN),13K265,K265
MS 267 MATH SCIENCE & TECHNOLOGY SCHOOL(BN),16K267,K324
PS 268(BROOKLYN),18K268,K268
PS 269(BROOKLYN),22K269,K269
PS 272(BROOKLYN),18K272,K272
PS 273(BROOKLYN),19K273,K273
PS 274(BROOKLYN),32K274,K274
PS 276(BROOKLYN),18K276,K276
PS 277(BROOKLYN),22K277,K277
IS 278(BS),22K278,K278
PS 279(BROOKLYN),18K279,K279
IS 281(BS),21K281,K281
PS 282(BROOKLYN),13K282,K282
PS 284(BROOKLYN),23K284,K284
IS 285(BS),18K285,K285
PS 287(BROOKLYN),13K287,K287
PS 288(BROOKLYN),21K288,K288
PS 289(BROOKLYN),17K289,K289
PS 290(BROOKLYN),19K290,K290
IS 296 THE ANNA GONZALEZ COMMUNITY SCHOOL(BN),32K296,K296
PS 297(BROOKLYN),14K297,K297
PS 298(BROOKLYN),23K298,K298
PS 299(BROOKLYN),32K299,K299
PS 306(BROOKLYN),19K306,K306
PS 307(BROOKLYN),13K307,K307
PS 312(BROOKLYN),22K312,K312
JHS 318(BN),14K318,K318
PS 319(BROOKLYN),14K319,K319
PS 321(BROOKLYN),15K321,K321
PS/IS 323(BROOKLYN),23K323,K263
PS 260(BROOKLYN),19K260,K260
PS 326(BROOKLYN),22K326,K852
PS 327(BROOKLYN),23K327,K327
PS 329(BROOKLYN),21K329,K329
IS 340(BS),17K340,K874
PS 345(BROOKLYN),19K345,K345
EBBETTS FIELD MIDDLE SCHOOL(BS),17K352,K320
WILLIAMSBURG COLLEGIATE CHARTER SCHOOL(BROOKLYN),84K355,K016
ACHIEVEMENT FIRST CROWN HEIGHTS CHARTER SCHOOL(BS),84K356,K391
KIPP AMP CHARTER SCHOOL(BN),84K357,K390
PS 361(BROOKLYN),22K361,K269
IS 364 GATEWAY(BN),19K364,K364
THE SCIENCE & MEDICINE MIDDLE SCHOOL(BROOKLYN),18K366,K366
SUCCESS ACADEMY CHARTER SCHOOL - BED-STUY 1(BN),84K367,K033
P368(BN),75K368,K033
P369(BN),75K369,K369
P370(BS),75K370,K370
P371(BS),75K371,K371
P373 BKYLN TRANSITION CTR(BN),75K373,K148
PS 375(BROOKLYN),17K375,K320
PS 376(BROOKLYN),32K376,K376
PS 380(BROOKLYN),14K380,K380
ACADEMY FOR COLLEGE PREPARATION & CAREER EXPLORATION(BS),17K382,K465
PS 384(BROOKLYN),32K384,K384
MS 394(BN),17K394,K210
PS 396(BROOKLYN),23K396,K396
PS 397(BROOKLYN),17K397,K397
MIDWOOD HS(BS),22K405,K405
TEACHING FIRMS OF AMERICA PROFESSIONAL PREPARATORY CHARTER SCHOOL(BN),84K406,K308
ACADEMY OF HOSPITALITY &TOURISM(BS),17K408,K465
EAST NEW YORK FAMILY ACADEMY(BN),19K409,K660
ABRAHAM LINCOLN HS(BS),21K410,K410
BROOKLYN COMMUNITY HS OF COMMUNICATION ARTS & MEDIA(BN),13K412,K117
JHS 117(BN),13K117,K117
BROOKLYN FRONTIERS HS(BN),15K423,K520
JAMES MADISON HS(BS),22K425,K425
DIGITAL ARTS & CINEMA TECHNOLOGY HIGH SCHOOL (GLOBAL STUDIES-BS),15K429,K293
BROOKLYN TECHNICAL HS(BN),13K430,K430
THOMAS JEFFERSON HS(BROOKLYN),19K435,K435
NEW UTRECHT HS(BS),20K445,K445
BROOKLYN SECONDARY SCHOOL FOR COLLABORATIVE STUDIES(BS),15K448,K142
IS 49(BN),14K049,K049
THE BROOKLYN LATIN SCHOOL(BROOKLYN),14K449,K449
BOYS AND GIRLS HS(BN),16K455,K455
JOHN JAY HS(BS),15K460,K460
SECONDARY SCHOOL FOR LAW(BROOKLYN),15K462,K460
SECONDARY SCHOOL FOR JOURNALISM(BROOKLYN),15K463,K460
PARK SLOPE COLLEGIATE(OLD SECONDARY SCHOOL FOR RESEARCH)(BS),15K464,K460
ERASMUS CAMPUS BUSINESS TEC(BS),17K479,K465
ERASMUS HALL HS(BS),17K000,K465
RONALD EDMONDS LEARNING CENTER II(BROOKLYN),17K484,K012
HS OF TELECOMMUNICATION ARTS & TECHNOLOGY(BS),20K485,K485
BROOKLYN PREPARATORY HS(BN),14K488,K650
FORT HAMILTON HS(BS),20K490,K490
BROOKLYN HS FOR LAW & TECHNOLOGY(BN),16K498,K987
ACORN COMMUNITY HS(BN),13K499,K909
FDNY HS FOR FIRE & LIFE SAFETY(BN),19K502,K435
HS FOR CIVIL RIGHTS(BN),19K504,K435
FRANKLIN DELANO ROOSEVELT HS(BS),20K505,K505
PERFORMING ARTS & TECHNOLOGY HS(PATHS)(BN),19K507,K435
WORLD ACADEMY FOR TOTAL COMMUNITY HEALTH HS-WATCH(BROOKLYN),19K510,K435
CONSELYEA PREPARATORY SCHOOL (BN),14K517,K577
LEADERSHIP PREP BEDFORD STUYVESANT CHARTER SCHOOL(BN),84K517,K258
COBBLE HILL SCHOOL OF AMERICAN STUDIES(BS),15K519,K804
IS/JHS 271(BN),23K271,K137
INTERNATIONAL HS@PROSPECT HEIGHTS(BS),17K524,K440
PROSPECT HEIGHTS EVENING M/W(BS),73K903,K440
PROSPECT HEIGHTS EVENING T/R(BS),73K904,K440
PROSPECT HEIGHTS HS(BS),17K440,K440
EDWARD R MURROW HS(BS),21K525,K525
THE HIGH SCHOOL FOR GLOBAL CITIZENSHIP(BROOKLYN),17K528,K440
WEST BROOKLYN COMMUNITY HS(BROOKLYN),79K529,K781
GEORGE W. WINGATE HS GED (BS),17K471,K470
GEORGE WINGATE HS(BS),17K470,K470
THE SCHOOL FOR HUMAN RIGHTS(BROOKLYN),17K531,K470
LEON M. GOLDSTEIN HS FOR THE SCIENCES(BS),22K535,K535
HS FOR YOUTH & COMMUNITY DEVELOPMENT@ERASMUS(BS),17K537,K465
HS FOR SERVICE & LEARNING@ERASMUS(BS),17K539,K465
JOHN DEWEY HS(BS),21K540,K540
"SCIENCE,TECH., & RESEARCH EARLY COLLEGE HS@ERASMUS-STAR(BROOKLYN)",17K543,K465
EBC HS FOR PUBLIC SERVICE BUSHWICK(BN),32K545,K913
HS FOR PUBLIC SERVICE HEROES OF TOMORROW(BS),17K546,K470
BROOKLYN ACADEMY OF SCIENCE & THE ENVIRONMENT BASE(BS),17K547,K440
BROOKLYN SCHOOL FOR MUSIC & THEATRE(BS),17K548,K440
BEDFORD STUYVESANT PREPARATORY HS(BN),13K575,K458
BROOKLYN ACADEMY HS(BN),13K553,K458
ALL CITY LEADERSHIP SECONDARY SCHOOL(BN),32K554,K554
BUSHWICK LEADERS HS FOR ACADEMIC EXCELLENCE(BN),32K556,K865
WILLIAMSBURG HS FOR ARCHITECTURE & DESIGN(BROOKLYN),14K558,K650
WILLIAMSBURG PREPARATORY SCHOOL(BROOKLYN),14K561,K650
EVERGREEN MIDDLE SCHOOL FOR URBAN EXPLORATION(BN),32K562,K296
IT TAKES A VILLAGE ACADEMY ITAVA(BS),18K563,K415
SAMUEL J. TILDEN HS(BROOKLYN),18K415,K415
BROOKLYN GENERATION SCHOOL(BS),18K566,K515
BROOKLYN THEATRE ARTS HS (BS),18K567,K515
KURT HAHN EXPEDITIONARY LEARNING SCHOOL(BS),18K569,K415
VICTORY COLLEGIATE HS (BS),18K576,K515
BROOKLYN BRIDGE ACADEMY(BS),18K578,K515
LYONS COMMUNITY SCHOOL(BN),14K586,K049
MEDGAR EVERS COLLEGE PREPARATORY SCHOOL(BS),17K590,K590
KHALIL GIBRAN INTERNATIONAL ACADEMY,15K592,K806
GOTHAM PROFESSIONAL ARTS ACADEMY(BN),16K594,K040
BEDFORD ACADEMY HS(BN),13K595,K994
CLARA BARTON HS(BS),17K600,K600
GEORGE WESTINGHOUSE CAREER & TECHNICAL EDUCATION HS(BN),13K605,K580
KINGS COLLEGIATE CHARTER SCHOOL(BS),84K608,K252
ORIGINS HIGH SCHOOL,22K611,K495
TRANSIT TECH CAREER & TECHNICAL EDUCATION HS(BROOKLYN),19K615,K615
BROOKLYN HS FOR LEADERSHIP & COMMUNITY SERVICE(BN),13K616,K117
CANARSIE HS(BS),18K500,K500
HS FOR INNOVATION IN ADVERTISING & MEDIA(BS),18K617,K500
WILLIAM E. GRADY CAREER AND TECHNICAL EDUCATION  HS(BROOKLYN),21K620,K620
ACHIEVEMENT FIRST BROWNSVILLE CHARTER SCHOOL(BN),84K626,K055
PS 304(BROOKLYN),16K304,K304
BROOKLYN BROWNSTONE SCHOOL(BN),16K628,K035
CULTURAL ACADEMY FOR THE ARTS & SCIENCES(BS),18K629,K415
PROFESSIONAL PATHWAYS HIGH SCHOOL,22K630,K495
HS FOR MEDICAL PROFESSIONS(BS),18K633,K500
OLYMPUS ACADEMY(BS),18K635,K242
ACADEMY FOR CONSERVATION & THE ENVIRONMENT(BS),18K637,K515
HARRY VAN ARSDALE HS(BN),76K640,K650
HARRY VAN ARSDALE HS GED(BN),76K641,K650
URBAN ACTION ACADEMY(BROOKLYN),18K642,K500
ASPIRATIONS DIPLOMA PLUS HS(BN),23K646,K894
BEDFORD STUYVESANT COLLEGIATE CHARTER SCHOOL(BN),84K648,K324
LA CIMA CHARTER SCHOOL(BN),84K649,K324
ACCESS GED(BN),71K657,Q733
WILLIAM H. MAXWELL CAREER & TECHNICAL EDUCATION HS(BROOKLYN),19K660,K660
IS 302(BN),19K302,K302
SUNSET PARK HS(BROOKLYN),15K667,K564
BENJAMIN BANNEKER ACADEMY(BN),13K670,K914
EAST BROOKLYN COMMUNITY HS(BS),18K673,K860
CITY POLYTECHNIC HS OF ENGINEERING ARCHITECTURE & TECHNOLOGY(BN),13K674,K580
RED HOOK NEIGHBORHOOD SCHOOL(BROOKLYN),15K676,K027
EAST NEW YORK ELEMENTARY SCHOOL OF EXCELLENCE(BN),19K677,K072
EAST NEW YORK MIDDLE SCHOOL OF EXCELLENCE(BN),19K678,K072
EL PUENTE ACADEMY FOR PEACE & JUSTICE(BN),14K685,K778
THE BROOKLYN ACADEMY OF GLOBAL FINANCE,16K688,K057
BROOKLYN STUDIO SECONDARY SCHOOL(BS),21K690,K721
SOUTH BROOKLYN COMMUNITY HIGH SCHOOL(BROOKLYN),15K698,K825
EXPLORE CHARTER SCHOOL(BS),84K704,K002
LEADERSHIP PREP BROWNSVILLE CHARTER SCHOOL(BN),84K711,K275
EXCELLENCE GIRLS CHARTER SCHOOL(BN),84K712,K309
P721 OTC(BS),75K721,K722
LIBERATION DIPLOMA PLUS HS(BS),21K728,K728
SUCCESS ACADEMY CHARTER SCHOOL - CROWN HEIGHTS - BROOKLYN 7(BS),84K741,K161
PS 748 BROOKLYN SCHOOL FOR GLOBAL SCHOLARS,20K748,K163
ACADEMY FOR HEALTH CAREERS(BN),17K751,K625
P753 SCHOOL FOR CAREER DEV.(BN),75K753,K085
NELSON MANDELA HS(BN),16K765,K455
LEADERSHIP PREPARATORY OCEAN HILL CHARTER SCHOOL(BN),84K775,K332
PS 152 ANNEX(BS),22K776,K776
OCEAN HILL COLLEGIATE CHARTER SCHOOL(BN),84K777,K271
BROOKLYN EAST COLLEGIATE CHARTER SCHOOL(BN),84K780,K458
SUCCESS ACADEMY CHARTER SCHOOL - BERGEN BEACH(BS),84K781,K078
ACHIEVEMENT FIRST NORTH BROOKLYN PREP CHARTER SCHOOL(BN),84K784,K377
COMPASS CHARTER SCHOOL(BN),84K789,K113
P811 CMHC(BS),75K811,K286
MS 839 (BS),15K839,K437
SOUTH SHORE HS(BS),18K515,K515
PS 971 (BROOKLYN),20K971,K971
W.E.B. DUBOIS ACADEMIC HS(BROOKLYN),17K489,K824
PS 1 ALFRED E. SMITH(MS),02M001,M001
PS 2 MEYER LONDON(MANHATTAN),02M002,M002
PS 3 CHARRETTE SCHOOL (MANHATTAN),02M003,M003
PS 4(MANHATTAN),06M004,M004
PS 5(MANHATTAN),06M005,M005
PS 6(MANHATTAN),02M006,M006
PS 11 WILLIAM T.HARRIS(MS),02M011,M011
TAG YOUNG SCHOLARS(MANHATTAN),04M012,M117
PS 15 ROBERTO CLEMENTE (MANHATTAN),01M015,M015
PS 18(MANHATTAN),06M018,M898
PS 19 ASHER LEVY (MANHATTAN),01M019,M019
PS 20 ANNA SILVER(MANHATTAN),01M020,M020
PS 28(MANHATTAN),06M028,M028
PS 33 CHELSEA PREP(MANHATTAN),02M033,M033
PS 34 FRANKLIN D. ROOSEVELT(MANHATTAN),01M034,M034
P35(MS),75M035,M058
PS 36(MANHATTAN),05M036,M036
RIVER EAST ELEMENTARY (MANHATTAN),04M037,M045
PS 38(MANHATTAN),04M038,M121
PS 41 GREENWICH VILLAGE(MANHATTAN),02M041,M041
PS 42 BENJAMIN ALTMAN(MANHATTAN),02M042,M042
PS 46(MANHATTAN),05M046,M046
47 THE AMERICAN SIGN LANGUAGE & ENGLISH SECONDARY SCHOOL(MS),02M047,M047
PS 48(MANHATTAN),06M048,M048
PS 50 (MANHATTAN),04M050,M050
IS/JHS 52 (MN),06M052,M052
JHS 54(MN),03M054,M054
PS 57(MANHATTAN),04M057,M057
PS 59 BEEKMAN HILL INTERNATIONAL(MS),02M059,M488
PS 63-WILLIAM MCKINLEY(MANHATTAN),01M063,M063
PS 64 ROBERT SIMON(MANHATTAN),01M064,M064
DEMOCRACY PREP ENDURANCE CHARTER SCHOOL(MN),84M065,M154
KIPP WASHINGTON HEIGHTS MIDDLE SCHOOL(MN),06M068,M090
PS 72(MANHATTAN),04M072,M072
PS 76(MANHATTAN),03M076,M076
PS 79 HORAN SCHOOL(MANHATTAN),75M079,M079
YALA MANHATTAN LEARNING CENTER(MANHATTAN),03M274,M274
PS 83(MANHATTAN),04M083,M083
PS 84(MANHATTAN),03M084,M084
PS/IS 89(MANHATTAN),02M089,M089
PS 92(MANHATTAN),05M092,M092
PS 96(MANHATTAN),04M096,M096
PS 98(MANHATTAN),06M098,M098
PS 102(MN),04M102,M102
JHS 104 SIMON BARUCH(MS),02M104,M104
PS 108(MN),04M108,M108
PS 110 FLORENCE NIGHTINGALE(MS),01M110,M110
PS 111(MS),02M111,M111
PS 112(MN),04M112,M112
EAST SIDE MIDDLE SCHOOL(MN),02M114,M114
PS 115(MN),06M115,M115
PS 116 MART LINDLEY MURRAY(MS),02M116,M116
PS 123(MN),05M123,M123
PS 124 YUNG WING(MS),02M124,M124
PS 126 JACOB AUGUST RIIS(MS),02M126,M126
PS 128 AUDUBON(MN),06M128,M128
PS 129(MN),05M129,M129
PS 130 HERNANDO DESOTO(MS),02M130,M130
MS 131(MS),02M131,M131
PS 132(MN),06M132,M132
PS 133(MN),05M133,M133
PS 134 HENRIETTA SZOLD(MS),01M134,M134
STEPHEN T. MATHER BUILDING ARTS & CRAFTSMANSHIP HS(MS),02M139,M625
PS 140 NATHAN STRAUS(MS),01M140,M140
PS 142 AMALIA CASTRO(MS),01M142,M142
IS 143(MN),06M143,M143
PS 145(MN),03M145,M145
PS 146(MN),04M146,M146
EAGLE ACADEMY FOR YOUNG MEN OF HARLEM(MN),05M148,M136
PS 149(MN),03M149,M207
PS 150(MANHATTAN),02M150,M840
YORKVILLE COMMUNITY SCHOOL (MANHATTAN),02M151,M066
PS 152(MANHATTAN),06M152,M152
PS 153(MANHATTAN),06M153,M153
PS 154(MANHATTAN),85M154,M154
PS 155(MANHATTAN),04M155,M155
THE URBAN ASSEMBLY SCHOOL FOR GLOBAL COMMERCE(MN),05M157,M501
PS 158(MANHATTAN),02M158,M158
PS 161(MANHATTAN),85M161,M161
P162(MN),75M162,M149
PS 163(MANHATTAN),03M163,M163
PS 165(MANHATTAN),03M165,M165
PS 166(MANHATTAN),03M166,M166
IS/JHS 167(MN),02M167,M167
P169(MN),75M169,M169
SUCCESS ACADEMY CHARTER SCHOOL - MANHATTAN 2- HELL'S KITCHEN(MS),84M170,M625
PS 171(MANHATTAN),04M171,M171
PS 173(MANHATTAN),06M173,M173
SUCCESS ACADEMY CHARTER SCHOOL - MANHATTAN 1 - UNION SQUARE(MS),84M174,M460
PS 175(MANHATTAN),05M175,M175
YORKVILLE EAST MIDDLE SCHOOL(MN),02M177,M158
PS 178(MANHATTAN),06M178,M178
PS 180(MANHATTAN),85M180,M180
THE BILINGUAL BICULTURAL SCHOOL PS 182(MN),04M182,M083
PS 183(MANHATTAN),02M183,M183
PS 184-SHUANG WEN(MANHATTAN),01M184,M137
PS 185(MANHATTAN),03M185,M185
PS 187(MANHATTAN),06M187,M187
PS 188 THE ISLAND SCHOOL(MANHATTAN),01M188,M188
PS 189(MANHATTAN),06M189,M189
PS 191M,03M191,M342
PS 192 (MANHATTAN),06M192,M192
PS 194 COUNTEE CULLEN(MN),05M194,M194
PS 197(MANHATTAN),05M197,M197
PS 198(MANHATTAN),02M198,M198
PS 199(MANHATTAN),03M199,M199
PS 200(MANHATTAN),05M200,M200
PS 206(MANHATTAN),04M206,M206
PS 208(MANHATTAN),03M208,M208
PS/IS 210 21ST CENTURY ACADEMY FOR COMMUNITY LEADERSHIP(MANHATTAN),06M210,M093
PS/IS 217 ROOSEVELT ISLAND(MN),02M217,M271
IS 218(MN),06M218,M218
SUCCESS ACADEMY CHARTER SCHOOL - HARLEM 3(MN),84M385,M099
ELLA BAKER SCHOOL PS 225(MN),02M225,M480
PS 234(MANHATTAN),02M234,M234
STEM INSTITUTE OF MANHATTAN(MN),03M241,M113
PS 242 (MANHATTAN),03M242,M144
MS 255 SALK SCHOOL OF SCIENCE(MS),02M255,M040
IS/JHS 256(MN),03M256,M118
BATTERY PARK CITY SCHOOL(MS),02M276,M276
PAUL HEDBAVNY SCHOOL PS/IS 278(MN),06M278,M918
THE OPPORTUNITY CHARTER SCHOOL(MN),84M279,M113
MANHATTAN EARLY COLLEGE SCHOOL FOR ADVERTISING(MS),02M280,M520
THE RIVER SCHOOL(MS),02M281,M281
URBAN ASSEMBLY MAKER ACADEMY(MS),02M282,M520
HARLEM RENAISSANCE HS(MN),79M285,M911
FOOD & FINANCE HS(MS),02M288,M535
IS 289(MS),02M289,M089
PS 290(MANHATTAN),02M290,M190
WEST END SECONDARY SCHOOL,03M291,M837
ORCHARD COLLEGIATE ACADEMY,01M292,M056
CITY COLLEGE ACADEMY OF THE ARTS(MN),06M293,M218
ESSEX STREET ACADEMY(MS),02M294,M445
SEWARD PARK GED(MANHATTAN),71M446,M445
SEWARD PARK HS(MANHATTAN),02M445,M445
MS 297M@PS/IS 323M,02M297,M323
PACE HS(MS),02M298,M131
HS FOR ARTS IMAGINATION & INQUIRY(MN),03M299,M490
THE URBAN ASSEMBLY SCHOOL OF DESIGN & CONSTRUCTION(MANHATTAN),02M300,M535
"TECHNOLOGY,ARTS,AND SCIENCES STUDIO(MANHATTAN)",01M301,M019
KAPPA IV(MN),05M302,M136
THE FACING HISTORY SCHOOL(MANHATTAN),02M303,M535
MOTT HALL HS(MN),05M304,M136
THE URBAN ASSEMBLY ACADEMY OF GOVERNMENT & LAW(MANHATTAN),02M305,M445
THE URBAN ASSEMBLY SCHOOL FOR MEDIA STUDIES(MLK EDUCATIONAL CAMPUS),03M307,M490
LOWER MANHATTAN ARTS ACADEMY(MS),02M308,M445
THE JAMES BALDWIN SCHOOL:A SCHOOL FOR EXPEDITIONARY LEARNING(MANHATTAN),02M313,M440
THE URBAN ASSEMBLY SCHOOL OF BUSINESS FOR YOUNG WOMEN(MS),02M316,M282
THURGOOD MARSHALL ACADEMY LOWER SCHOOL(MANHATTAN),05M318,M371
MS 319 MARIA TERESA(MN),06M319,M090
MIDDLE SCHOOL 322(MN),06M322,M218
MS 324 PATRIA(MN),06M324,M090
MS 328 MANHATTAN MIDDLE SCHOOL FOR SCIENTIFIC INQUIRY(MN),06M328,M164
UNIVERSITY NEIGHBORHOOD MIDDLE SCHOOL(MANHATTAN),01M332,M056
PS 333 MANHATTAN SCHOOL FOR CHILDREN(MANHATTAN),03M333,M118
THE ANDERSON SCHOOL(MN),03M334,M044
HARLEM VILLAGE ACADEMIES LEADERSHIP CHARTER SCHOOL(MN),84M335,M045
KIPP INFINITY CHARTER SCHOOL(MN),84M336,M195
PS 343 - THE PECK SLIP SCHOOL,02M343,M343
COMMUNITY HEALTH ACADEMY OF THE HEIGHTS(MN),06M346,M814
WASHINGTON HEIGHTS EXPEDITIONARY LEARNING SCHOOL(MANHATTAN),06M348,M143
HARBOR HEIGHTS MIDDLE SCHOOL(MN),06M349,M173
SUCCESS ACADEMY HARLEM CENTRAL(MN),05M357,M389
BROWNSVILLE ACADEMY HS(BN),17K568,K907
WASHINGTON HEIGHTS ACADEMY (MANHATTAN),06M366,M263
HAMILTON HEIGHTS SCHOOL (MN),06M368,M153
THE URBAN ASSEMBLY SCHOOL FOR THE PERFORMING ARTS (MANHATTAN),05M369,M043
ESPERANZA PREPARATORY ACADEMY(MN),04M372,M117
GRAMMERCY ARTS HS(MS),02M374,M460
NYC ISCHOOL(MS),02M376,M615
RENAISSANCE SCHOOL OF THE ARTS(MANHATTAN),04M377,M155
SUCCESS ACADEMY CHARTER SCHOOL - HARLEM 2(MN),84M384,M030
SUCCESS ACADEMY CHARTER SCHOOL - HARLEM 4(MN),84M386,M113
ST. HOPE LEADERSHIP ACADEMY CHARTER SCHOOL(MN),84M388,M092
MANHATTAN BUSINESS ACADEMY(MS),02M392,M440
BUSINESS OF SPORTS SCHOOL(MS),02M393,M625
EMMA LAZARUS HS(MS),02M394,M131
SPRUCE STREET SCHOOL(MS),02M397,M971
THE HS FOR LANGUAGE & DIPLOMACY(MANHATTAN),02M399,M460
HS FOR ENVIRONMENTAL STUDIES(MS),02M400,M834
THE URBAN ASSEMBLY SCHOOL FOR GREEN CAREERS(MANHATTAN),03M402,M470
THE GLOBAL LEARNING COLLABORATIVE(MANHATTAN),03M403,M470
INNOVATION DIPLOMA PLUS(MANHATTAN),03M404,M470
ICE INSTITUTE FOR COLLABORATIVE EDUCATION(MS),02M407,M475
PROFESSIONAL PERFORMING ARTS SCHOOL-PPAS(MS),02M408,M017
COALITION SCHOOL FOR SOCIAL CHANGE(MN),02M409,M045
BARUCH COLLEGE CAMPUS HS(MS),02M411,M874
SCHOOL OF THE FUTURE HS(MANHATTAN),02M413,M660
NYC MUSEUM SCHOOL(MS),02M414,M070
WADLEIGH SECONDARY SCHOOL FOR THE PERFORMING & VISUAL ARTS(MANHATTAN),03M415,M088
ELEANOR ROOSEVELT HS(MN),02M416,M855
FRANK MCCOURT HS(MN),03M417,M470
MILLENIUM HS(MS),02M418,M824
LANDMARK HS(MS),02M419,M440
HS FOR HEALTH PROFESSIONS & HUMAN SERVICES(MS),02M420,M475
WEST PREP ACADEMY(MANHATTAN),03M421,M145
QUEST TO LEARN(MS),02M422,M440
HS FOR EXCELLENCE & INNOVATION(MN),06M423,M052
LEADERSHIP & PUBLIC SERVICE HS(MS),02M425,M894
MANHATTAN ACADEMY FOR ARTS & LANGUAGE(MS),02M427,M620
LEGACY SCHOOL FOR INTEGRATED STUDIES(MS),02M429,M883
MURRAY HILL ACADEMY(MS),02M432,M620
MANHATTAN CENTER FOR SCIENCE & MATHEMATICS(MN),04M435,M435
HUDSON HS OF LEARNING TECHNOLOGIES(MS),02M437,M440
INTERNATIONAL HS AT UNION SQUARE(MS),02M438,M460
MANHATTAN VILLAGE ACADEMY(MS),02M439,M873
BALLET TECH NYC PUBLIC SCHOOL FOR DANCE(MS),02M442,M905
INDEPENDENCE HS(MS),02M544,M834
UNIVERSITY NEIGHBORHOOD HS(MANHATTAN),01M448,M446
VANGUARD HS(MANHATTAN),02M449,M480
EAST SIDE COMMUNITY HS(MS),01M450,M060
PS 452M,03M452,M191
GEORGE WASHINGTON HS(MN),06M465,M465
FORSYTH SATELLITE ACADEMY(MS),01M458,M510
THE COLLEGE ACADEMY(MN),06M462,M465
HS FOR MEDIA & COMMUNICATIONS(MN),06M463,M465
HS FOR LAW & PUBLIC SERVICE(MN),06M467,M465
HS FOR HEALTH CAREERS & SCIENCES(MN),06M468,M465
CHOIR ACADEMY OF HARLEM(MN),05M469,M501
LOUIS D. BRANDEIS HS(MN),03M470,M470
STUYVESANT HS(MANHATTAN),02M475,M477
BEACON HIGH SCHOOL (MS),02M479,M912
SUCCESS ACADEMY CHARTER SCHOOL - HARLEM 5(MN),84M482,M123
FIORELLO H LAGUARDIA HS OF MUSIC ART & PERFORMING ARTS(MN),03M485,M485
HS OF ECONOMICS & FINANCE(MS),02M489,M833
HS FOR LAW ADVOCACY & COMMUNITY JUSTICE(MN),03M492,M490
HS OF ARTS & TECHNOLOGY(MN),03M494,M490
PARK EAST HS(MN),04M495,M495
FREDERICK DOUGLASS ACADEMY I(MN),05M499,M010
WEST SIDE HS(MANHATTAN),79M505,M506
URBAN ASSEMBLY GATEWAY SCHOOL FOR TECHNOLOGY(MS),02M507,M625
CASTLE BRIDGE SCHOOL(MN),06M513,M128
NEW DESIGN MIDDLE SCHOOL(MN),05M514,M195
TEACHERS COLLEGE COMMUNITY SCHOOL(MN),05M517,M916
TALENT UNLIMITED HS(MANHATTAN),02M519,M480
MURRY BERGTRAUM HS FOR BUSINESS CAREERS(MS),02M520,M520
PS 527 EAST SIDE SCHOOL FOR SOCIAL ACTION(MN),02M527,M816
IS 528(MN),06M528,M528
JACQUELINE K ONASSIS HS(MS),02M529,M486
REPERTORY COMPANY HS FOR THEATRE ARTS(MANHATTAN),02M531,M896
UNION SQUARE ACADEMY FOR HEALTH SCIENCES(MS),02M533,M460
PARK WEST HS(MS),07M535,M535
"NEW EXPLORATIONS INTO SCIENCE,TECHNOLOGY & MATH SCHOOL-NEST+M(MS)",01M539,M022
AP RANDOLPH CAMPUS HS(MN),06M540,M540
MANHATTAN HUNTER SCIENCE HS(MN),03M541,M490
MANHATTAN BRIDGES HS(MS),02M542,M535
NEW DESIGN HS(MS),02M543,M445
ACADEMY FOR SOFTWARE ENGINEERING(MS),02M546,M460
LIBERTY HS ACADEMY FOR NEWCOMERS(MS),79M550,M451
URBAN ASSEMBLY NEW YORK HARBOR SCHOOL(MS),02M551,M877
GREGORIO LUPERON HS FOR SCIENCE & MATHEMATICS(MN),06M552,M876
CITY AS SCHOOL LOWER MANHATTAN OUTREACH(MS),79M502,M641
SATELLITE ACADEMY HS(MANHATTAN),02M570,M920
MANHATTAN COMPREHENSIVE DAY & NIGHT HS(MS),02M575,M661
BRANDEIS YABC(MN),03M577,M470
RICHARD R. GREEN HS OF TEACHING(MS),02M580,M282
HARVEY MILK HS(MS),02M586,M807
THE HS OF FASHION INDUSTRIES(MANHATTAN),02M600,M600
HUMANITIES PREPARATORY ACADEMY(MS),02M605,M440
YOUNG WOMEN LEADERSHIP SCHOOL/MANHATTAN CAMPUS(MANHATTAN),04M610,M895
CHELSEA CAREER & TECHNICAL EDUCATION HS(MS),02M615,M615
ART & DESIGN HS @PS 59M(MS),02M630,M488
SCHOOL OF CO-OP TECH. ED.(MANHATTAN),79M645,M646
CASCADE HS FOR TEACHING & LEARNING(MS),01M650,M510
LIFE SCIENCES SECONDARY SCHOOL(MN),02M655,M645
THURGOOD MARSHALL ACADEMY FOR LEARNING & CHANGE (MANHATTAN),05M670,M970
THE HERITAGE SCHOOL(MANHATTAN),04M680,M107
BREAD & ROSES INTEGRATED ARTS  HS(MN),05M685,M136
BARD HS EARLY COLLEGE(MS),01M696,M097
HARLEM PREP CHARTER SCHOOL(MN),84M708,M121
P721 OTC(MS),75M721,M641
MANHATTAN SCHOOL FOR CAREER DEVELOPMENT P751(MS),75M751,M751
P811 MICKEY MANTLE SCHOOL(MN),75M811,M841
ISAAC NEWTON JHS FOR SCIENCE & MATH(MN),09M825,M435
SPECIAL MUSIC SCHOOL(MN),03M859,M932
FREDERICK DOUGLASS ACADEMY II SECONDARY SCHOOL(MN),03M860,M088
FUTURE LEADERS INSTITUTE CHARTER SCHOOL(MN),84M861,M144
LOWER MANHATTAN COMMUNITY MIDDLE SCHOOL(MS),02M896,M282
WASHINGTON IRVING HS(MANHATTAN),02M460,M460
CITY KNOLL MIDDLE SCHOOL (02M933),02M933,M933
CENTRAL PARK EAST II(MN),04M964,M050
PS 132 ANNEX SUSPENSION SITE(MN),06M993,M233
PS 2(QUEENS),30Q002,Q002
P4@P179(QS),75Q004,Q179
IS 5(QN),24Q005,Q005
PS 7(QUEENS),24Q007,Q007
IS 10 HORACE GREELEY(QN),30Q010,Q010
PS 11(QN),30Q011,Q011
PS 12(QN),24Q012,Q012
PS 13(QN),24Q013,Q013
PS 14(QN),24Q014,Q014
PS 15(QUEENS),29Q015,Q015
PS 16(QUEENS),24Q016,Q721
PS 18(QUEENS),26Q018,Q018
PS 19(QUEENS),24Q019,Q019
PS 20(QUEENS),25Q020,Q020
PS 21(QUEENS),25Q021,Q021
PS 22(QUEENS),25Q022,Q022
PS 24(QUEENS),25Q024,Q024
IS 25(QN),25Q025,Q025
PS 26(QUEENS),26Q026,Q026
PS 28 (QUEENS),24Q028,Q028
PS 29(QUEENS),25Q029,Q029
PS 31(QUEENS),26Q031,Q031
PS 32(QUEENS),25Q032,Q032
PS 33(QUEENS),29Q033,Q033
PS 34(QUEENS),29Q034,Q034
PS 35(QUEENS),29Q035,Q035
PS 36(QUEENS),29Q036,Q036
PS 37(QUEENS),29Q037,Q037
PS 38(QUEENS),29Q038,Q038
PS 40(QUEENS),85Q040,Q040
PS 42(QUEENS),27Q042,Q042
PS 43(QUEENS),27Q043,Q043
PS 45(QUEENS),27Q045,Q045
PS 46(QUEENS),26Q046,Q046
PS 49(QUEENS),24Q049,Q049
PS 50(QUEENS),28Q050,Q050
IS 53(QS),27Q053,Q053
PS 55(QUEENS),28Q055,Q055
PS 56(QUEENS),27Q056,Q056
PS 58(QUEENS),24Q058,Q058
IS/JHS 59(QS),29Q059,Q059
PS 60(QUEENS),27Q060,Q060
IS 61(QN),24Q061,Q061
PS 62(QUEENS),27Q062,Q062
PS 63(QUEENS),27Q063,Q063
PS 64(QUEENS),27Q064,Q064
PS 65(QUEENS),27Q065,Q884
PS 66(QUEENS),27Q066,Q066
MS 67(QN),26Q067,Q067
PS 68 CAMBRIDGE(QUEENS),24Q068,Q068
PS 69(QUEENS),30Q069,Q069
PS 70(QUEENS),30Q070,Q070
PS 71(QUEENS),24Q071,Q071
MS 72(QS),28Q072,Q072
IS 73(QN),24Q073,Q073
MS 74(QN),26Q074,Q074
ROBERT E. PEARY (PS 75)(QN),75Q075,Q075
PS 76(QUEENS),30Q076,Q076
IS 77(QN),24Q077,Q849
PS 80(QUEENS),28Q080,Q080
PS 81(QUEENS),24Q081,Q081
PS 82 HAMMOND(QUEENS),28Q082,Q082
PS 84(QUEENS),30Q084,Q084
PS 86(QUEENS),28Q086,Q086
PS 87(QUEENS),24Q087,Q087
PS 88(QUEENS),24Q088,Q088
PS 89(QUEENS),24Q089,Q089
PS 90(QUEENS),27Q090,Q090
PS 91(QUEENS),24Q091,Q091
PS 92(QUEENS),30Q092,Q292
IS 93(QN),24Q093,Q093
PS 95(QUEENS),29Q095,Q095
PS 96(QUEENS),27Q096,Q096
PS 97(QUEENS),27Q097,Q097
PS 99(PBQS),28Q099,Q099
PS 100(QS),27Q100,Q100
PS 101(QN),28Q101,Q101
PS 102(QN),24Q102,Q102
PS 104(QS),27Q104,Q104
PS 105(QS),27Q105,Q105
PS 106(QS),27Q106,Q106
PS 107(QN),25Q107,Q107
PS 108(QS),27Q108,Q108
PS 111 JACOB BLACKWELL(QN),30Q111,Q111
PS 112(QN),30Q112,Q112
PS 113 ISAAC CHAUNCEY(QN),24Q113,Q113
PS 116(QS),29Q116,Q116
PS 117(QS),28Q117,Q117
IS 119(QN),24Q119,Q119
PS 120(QN),25Q120,Q120
PS 121(QS),28Q121,Q121
PS 122 MAMIE FAY(QN),30Q122,Q122
PS 123(QS),27Q123,Q123
PS 124 OSMOND A CHURCH(QS),27Q124,Q124
IS 125(QN),24Q125,Q125
IS 126 ALBERT SHANKER SCHOOL FOR VISUAL & PERFORMING ARTS(QN),30Q126,Q126
PS 127 AEROSPACE & SCIENCE ACADEMY(QN),30Q127,Q127
PS 128 JUNIPER VALLEY(QN),24Q128,Q247
PS 129(QN),25Q129,Q129
PS 131(QS),29Q131,Q131
PS 132(QS),29Q132,Q132
PS 135(QS),29Q135,Q135
PS 136(QS),29Q136,Q136
MS 137(QS),28Q137,Q137
PS 138(QS),29Q138,Q138
PS 139(QN),28Q139,Q139
IS 141 STEINWAY(QN),30Q141,Q141
PS 144(QN),28Q144,Q144
IS 145 JOSEPH PULITZER(QN),30Q145,Q145
PS 146(QS),27Q146,Q146
PS 147 RONALD MCNAIR(QS),29Q147,Q147
PS 148(QN),30Q148,Q148
PS 149(QN),30Q149,Q149
PS 151(QUEENS),30Q151,Q151
PS 152(QUEENS),30Q152,Q152
PS 153(QUEENS),24Q153,Q153
PS 154(QUEENS),25Q154,Q154
PS 156(QUEENS),29Q156,Q156
JHS 157(QN),28Q157,Q157
MS 158(QN),26Q158,Q158
PS 159(QUEENS),26Q159,Q159
PS 160(QUEENS),28Q160,Q160
PS 161(QUEENS),28Q161,Q161
PS 163(QUEENS),25Q163,Q163
PS 164(QUEENS),25Q164,Q164
PS 165(QUEENS),25Q165,Q165
PS 166(QUEENS),30Q166,Q166
METROPOLITAN EXPEDITIONARY LEARNING SCHOOL(QN),28Q167,Q686
JHS 168(QS),25Q168,Q168
PS 169(QUEENS),25Q169,Q169
PS 171(QUEENS),30Q171,Q171
MS 172(QS),26Q172,Q172
PS 173(QUEENS),26Q173,Q173
PS 174(QUEENS),28Q174,Q174
PS 175(QUEENS),28Q175,Q175
PS 176 CAMBRIA HEIGHTS(QUEENS),29Q176,Q176
P177(QN),75Q177,Q177
PS 178(QUEENS),26Q178,Q178
PS 182 SAMANTHA SMITH(QS),28Q182,Q277
PS 183(QUEENS),27Q183,Q183
PS 186(QUEENS),26Q186,Q186
PS 188(QUEENS),26Q188,Q188
JHS 189(QN),25Q189,Q189
JHS 190(QN),28Q190,Q190
PS 191(QUEENS),26Q191,Q191
IS 192(QS),29Q192,Q192
PS 193(QUEENS),25Q193,Q193
JHS 194(QN),25Q194,Q194
PS 195(QUEENS),29Q195,Q195
PS 197(QUEENS),27Q197,Q197
PS 199(QN),24Q199,Q199
PS 200(QUEENS),25Q200,Q200
PS 201(QUEENS),25Q201,Q201
MS 202(QS),27Q202,Q202
PS 203(QUEENS),26Q203,Q203
IS 204 OLIVER WENDELL HOLMES(QN),30Q204,Q204
PS 205(QUEENS),26Q205,Q205
PS 206(QUEENS),28Q206,Q206
PS 207(QUEENS),27Q207,Q207
PS/IS 208 (QUEENS),26Q208,Q208
PS 209(QUEENS),25Q209,Q209
MS 210(QS),27Q210,Q210
PS 212(QUEENS),30Q212,Q212
PS 213(QUEENS),26Q213,Q213
PS 214(QUEENS),25Q214,Q214
MS 216(QS),26Q216,Q216
JHS 217(QS),28Q217,Q217
PS 219(QUEENS),25Q219,Q219
PS 220(QUEENS),28Q220,Q220
PS 221(QUEENS),26Q221,Q221
PS 223(QUEENS),27Q223,Q223
P224(QS),75Q224,Q186
IS 227 LOUIS ARMSTRONG MIDDLE SCHOOL(QN),30Q227,Q227
PS 229(QUEENS),24Q229,Q229
IS 230(QN),30Q230,Q230
COMMUNITY VOICES MIDDLE SCHOOL(QS),29Q356,Q356
PS 234(QUEENS),30Q234,Q234
ACADEMY FOR NEW AMERICANS IS 235(QN),30Q235,Q234
INTERNATIONAL HS FOR HEALTH SCIENCES(QN),24Q236,Q455
IS 237(QN),25Q237,Q237
IS 238(QS),29Q238,Q238
PS 239 (QUEENS),24Q239,Q239
PS 242(QUEENS),25Q242,Q242
INSTITUTE FOR HEALTH PROFESSIONS AT CAMBRIA HEIGHTS(QS),29Q243,Q490
QUEENS PREPARATORY ACADEMY(QUEENS),29Q248,Q420
IS 250(QS),25Q250,Q168
PS 251(QUEENS),29Q251,Q251
THE QUEENS SCHOOL OF INQUIRY(QUEENS),25Q252,Q168
PS 253(QUEENS),27Q253,Q253
PS 254(QUEENS),27Q254,Q254
ENERGY TECH HS(QN),30Q258,Q204
PATHWAYS COLLEGE PREPARATORY SCHOOL(QS),29Q259,Q192
FREDERICK DOUGLASS ACADEMY VI HIGH SCHOOL(QS),27Q260,Q465
VOYAGES PREP SOUTH QUEENS(QS),27Q261,Q400
FLUSHING INTERNATIONAL HS(QN),25Q263,Q189
ACADEMY OF FINANCE & ENTERPRISE(QN),24Q264,Q735
EXCELSIOR PREPARATORY HS(QS),29Q265,Q420
PS/IS 266 (QUEENS),26Q266,Q266
HS OF APPLIED COMMUNICATION(QN),24Q267,Q735
PS 268 (QUEENS),29Q268,Q268
PS 270(QUEENS),29Q270,Q270
GEORGE WASHINGTON CARVER HIGH SCHOOL FOR THE SCIENCES(QUEENS)(QS),29Q272,Q420
THE RIVERVIEW SCHOOL(QN),75Q277,Q777
PS 280(QUEENS),30Q280,Q280
EAST WEST SCHOOL OF INTERNATIONAL STUDIES(QN),25Q281,Q237
KAPPA VI(QS),27Q282,Q465
PREPARATORY ACADEMY FOR WRITERS(QS),29Q283,Q420
YOUNG WOMEN LEADERSHIP SCHOOL ASTORIA(QUEENS),30Q286,Q739
QUEENS UNITED MIDDLE SCHOOL(QS),29Q289,Q156
ACE ACADEMY FOR SCHOLARS@GERALDINE FERRARO CAMPUS(PS 290)(QN),24Q290,Q290
CIVIC LEADERSHIP ACADEMY(QN),24Q293,Q744
BELL ACADEMY(QN),25Q294,Q169
PS/IS 295 (QS),29Q295,Q263
PAN AMERICAN INTERNATIONAL HS(QN),24Q296,Q744
BARD HS EARLY COLLEGE II(QN),24Q299,Q735
ACAD FOR CAREERS IN TELEVISION & FILM(QN),30Q301,Q404
"QUEENS HS FOR INFORMATION,RESEARCH & TECHNOLOGY (QUEENS)",27Q302,Q465
LEARNERS & LEADERS(QN),24Q305,Q245
NEW YORK CITY ACADEMY FOR DISCOVERY(QS),27Q306,Q262
PIONEER ACADEMY(QN),24Q307,Q260
ROBERT H. GODDARD HS OF COMMUNICATION ARTS & TECHNOLOGY(QUEENS),27Q308,Q202
ACADEMY OF MEDICAL TECHNOLOGY(QS),27Q309,Q465
QUEENS COLLEGIATE:A COLLEGE BOARD SCHOOL(QUEENS),28Q310,Q470
CORONA ARTS & SCIENCES ACADEMY(QN),24Q311,Q311
BENJAMIN FRANKLIN HS FOR FINANCE AND INFORMATION TECHNOLOGY(QS),29Q313,Q490
BUSINESS TECHNOLOGY EARLY COLLEGE HIGH SCHOOL (QS),26Q315,Q435
QUEENS EXPLORERS ELEMENTARY SCHOOL (PS 316Q) (QS),27Q316,Q316
WATERSIDE SCHOOL FOR LEADERSHIP(QUEENS),27Q318,Q225
VILLAGE ACADEMY(QUEENS),27Q319,Q053
SCHOLARS ACADEMY(QUEENS),27Q323,Q180
ROCKAWAY PARK HS FOR ENVIRONMENTAL SUSTAINABILITY(QUEENS),27Q324,Q410
HILLSIDE ARTS & LETTERS ACADEMY(QS),28Q325,Q470
CAMBRIA HEIGHTS ACADEMY(QS),29Q326,Q799
EAGLE ACADEMY FOR YOUNG MEN III(QS),29Q327,Q633
HS FOR COMMUNITY LEADERSHIP,28Q328,Q470
GOLDIE MAPLE ACADEMY(QS),27Q333,Q198
JAMAICA GATEWAY TO THE SCIENCES(QS),28Q350,Q470
ROCKAWAY COLLEGIATE HS(QS),27Q351,Q410
PS 354(QS),28Q354,Q030
COLLABORATIVE ARTS MIDDLE SCHOOL(QS),29Q355,Q231
NEW MS@Q314 (QS),28Q358,Q314
THE WOODSIDE COMMUNITY SCHOOL (QN),30Q361,Q339
AUGUST MARTIN HS(QS),27Q400,Q400
BENJAMIN CARDOZO HS(QN),26Q415,Q415
JOHN BOWNE HS(QS),25Q425,Q425
FRANCIS LEWIS HS(QN),26Q430,Q430
MARTIN VAN BUREN HS(QS),26Q435,Q435
WILLIAM CULLEN  BRYANT HS(QUEENS),30Q445,Q445
LONG ISLAND CITY HS(QN),30Q450,Q452
NEWTOWN HS(QN),24Q455,Q455
FLUSHING HS(QN),25Q460,Q460
QUEENS HS FOR LANGUAGE STUDIES(QN),25Q241,Q460
VERITAS ACADEMY(QN),25Q240,Q460
RICHMOND HILL HS(QS),27Q475,Q475
JOHN ADAMS HS(QS),27Q480,Q480
GROVER CLEVELAND HS(QN),24Q485,Q485
MATHEMATICS SCIENCE RESEARCH & TECHNOLOGY MAGNET HS(QS),29Q492,Q490
BAYSIDE HS(QN),26Q495,Q405
HUMANITIES & ARTS MAGNET HS(QS),29Q498,Q490
"THE QUEENS COLLEGE SCHOOL FOR MATH,SCIENCE, AND TECHNOLOGY(IS/PS499)",25Q499,Q499
FRANK SINATRA SCHOOL OF THE ARTS HS(QN),30Q501,Q570
INFORMATION TECHNOLOGY HS(QN),30Q502,Q725
HILLCREST HS(QS),28Q505,Q505
MIDDLE COLLEGE HS@LAGUARDIA COMMUNITY COLLEGE(QN),24Q520,Q520
TOWNSEND HARRIS HS(QUEENS),25Q525,Q515
QUEENS ACADEMY HS(QUEENS),79Q540,Q023
HS FOR ARTS & BUSINESS(QN),24Q550,Q456
NEWTOWN HS ANNEX(QN),77Q550,Q456
NEWCOMERS HS(QN),77Q555,Q450
"ROBERT F.WAGNER, JR. SECONDARY SCHOOL FOR ARTS AND TECHNOLOGY(QUEENS)",24Q560,Q891
"QUEENS HS OF TEACHING,LIBERAL ARTS & THE SCIENCES(QUEENS)",26Q566,Q566
ACADEMY OF AMERICAN STUDIES(QN),30Q575,Q451
BACCALAUREATE SCHOOL FOR GLOBAL EDUCATION(QN),30Q580,Q798
MASPETH HS(QN),24Q585,Q585
JAMAICA LEARNING CENTER(QS),28Q595,Q595
QUEENS TECHNICAL HS (QUEENS-FORMER:QNS VOC & TECH HS),24Q600,Q600
AVIATION CAREER & TECHNICAL EDUCATION HS(QN),24Q610,Q610
THOMAS A. EDISON CAREER AND TECHNICAL EDUCATION  HS(QUEENS),28Q620,Q620
HS FOR CONSTRUCTION TRADES ENGINEERING & ARCHITECTURE(QS),27Q650,Q650
ROBERT F. KENNEDY COMMUNITY HS(QUEENS),25Q670,Q707
QUEENS GATEWAY TO HEALTH SCIENCES SECONDARY SCHOOL(QUEENS),28Q680,Q695
QUEENS METROPOLITAN HS,28Q686,Q686
HS FOR LAW ENFORCEMENT & PUBLIC SAFETY(QS),28Q690,Q690
IS/JHS 705(QN),30Q885,Q885
JOHN F. KENNEDY JR. SCHOOL (OLD P721 OTC)(QN),75Q721,Q722
VOYAGES PREPARATORY(QN),24Q744,Q744
NORTH QUEENS COMMUNITY HS(QS),25Q792,Q792
YOUNG WOMEN LEADERSHIP SCHOOL QUEENS CAMPUS(QUEENS),28Q896,Q680
CHANNEL VIEW SCHOOL FOR RESEARCH(QS),27Q262,Q410
MS 101(XE),75Q404,QAZJ
PS 1(SI),31R001,R001
IS 2(SI),31R002,R002
PS 3(STATEN ISLAND),31R003,R003
PS 4(STATEN ISLAND),31R004,R004
PS 6(STATEN ISLAND),31R006,R006
IS 7(SI),31R007,R007
PS 8(STATEN ISLAND),31R008,R008
NAPLES STREET ELEMENTARY SCHOOL(SI),31R009,R048
PS 11(SI),31R011,R011
PS 13(SI),31R013,R013
PS 18(STATEN ISLAND),31R018,R018
PS 19(STATEN ISLAND),31R019,R019
PS 20(STATEN ISLAND),31R020,R020
PS 21(STATEN ISLAND),31R021,R021
PS 22(STATEN ISLAND),31R022,R022
PS 23(STATEN ISLAND),31R023,R023
IS 24(SI),31R024,R024
P25 ANNEX ARTHUR KILL ROAD(SI),75R825,R825
P25 SOUTH RICHMOND(SI),75R025,R025
PS 26(STATEN ISLAND),31R026,R026
IS 27(SI),31R027,R027
PS 29(STATEN ISLAND),31R029,R029
PS 30(STATEN ISLAND),31R030,R030
PS 31(STATEN ISLAND),31R031,R031
PS 32(STATEN ISLAND),31R032,R032
IS 34(SI),31R034,R034
PS 35(STATEN ISLAND),31R035,R035
PS 36(STATEN ISLAND),31R036,R036
P37(SI),75R037,R840
PS 38(STATEN ISLAND),31R038,R038
PS 39(STATEN ISLAND),31R039,R039
PS 41(STATEN ISLAND),31R041,R041
PS 42(STATEN ISLAND),31R042,R042
PS 44(STATEN ISLAND),31R044,R044
PS 45(STATEN ISLAND),31R045,R045
PS 46(STATEN ISLAND),31R046,R046
IS 51(SI),31R051,R051
PS 52(STATEN ISLAND),31R052,R052
PS 53(STATEN ISLAND),31R053,R053
PS 54(STATEN ISLAND),31R054,R054
PS 55(STATEN ISLAND),31R055,R055
PS 56(STATEN ISLAND),31R056,R056
PS 57(STATEN ISLAND),31R057,R057
PS 58 (STATEN ISLAND),31R058,R058
THE HARBOR VIEW SCHOOL (SI),31R059,R059
PS 60(STATEN ISLAND),31R060,R060
IS 61(SI),31R061,R061
PS 062R,31R062,R062
ACADEMY OF INNOVATIVE LEARNING(SI),31R065,R829
PS 69(STATEN ISLAND),31R069,R069
IS 72(SI),31R072,R072
PS 74 FUTURE LEADERS ELEMENTARY SCHOOL,31R074,R831
IS 75(SI),31R075,R075
PS 78(SI),31R078,R014
MICHAEL J. PETRIDES HS(SI),31R080,R880
P373(SI),75R373,R040
NEW DORP HS(SI),31R440,R435
PORT RICHMOND HS(SI),31R445,R445
CURTIS HS(SI),31R450,R450
TOTTENVILLE HS(STATEN ISLAND),31R455,R455
SUSAN E. WAGNER HS(STATEN ISLAND),31R460,R460
CONCORD HS(SI),79R470,R470
RALPH R.  MCKEE CAREER AND TECHNICAL EDUCATION  HS(STATEN ISLAND),31R600,R600
STATEN ISLAND TECHNICAL  HS(STATEN ISLAND),31R605,R440
THE RICHARD H. HUNGERFORD SCHOOL(STATEN ISLAND),75R721,R722
PS 36 ANNEX (STATEN ISLAND),31R844,R844
STATEN ISLAND SCHOOL OF CIVIC LEADERSHIP,31R861,R861
PS 1(XW),07X001,X001
PS 3(BRONX),85X003,X003
PS 4(BRONX),09X004,X004
PS 5(BRONX),07X005,X005
PS 6(BRONX),12X006,X006
PS 7(BRONX),10X007,X007
PS 8(BRONX),10X008,X008
PS 9(BRONX),10X009,X009
P10(XE),75X010,X101
PS 11(XW),09X011,X011
PS 12(XE),11X012,X012
PS 14(XE),08X014,X014
PS 15(BRONX),10X015,X015
PS 16(BRONX),11X016,X016
IS 184(XW),07X184,X184
PS 18(BRONX),07X018,X018
PS 19(BRONX),11X019,X019
PS 20(BRONX),10X020,X020
PS 21(BRONX),11X021,X021
JHS 22 JORDAN L. MOTT(XW),09X022,X022
PS 23(BRONX),10X023,X023
PS 24(BRONX),10X024,X024
PS 25(BRONX),07X025,X025
PS 28(XW),09X028,X028
PS 29(BRONX),07X029,X029
PS 30(BRONX),07X030,X030
PS 31(BRONX),07X031,X151
PS 32(BRONX),10X032,X032
PS 33(BRONX),10X033,X033
PS 35(BRONX),09X035,X035
PS 36(BRONX),08X036,X036
PS 37(BRONX),10X037,X037
PS 41(BRONX),11X041,X041
PS 42(XE),09X042,X042
PS 43(BRONX),07X043,X043
PS 44(BRONX),12X044,X044
MS 45 THOMAS C. GIORDANO(XW),10X045,X045
PS 46(BRONX),10X046,X046
PS 47(BRONX),12X047,X047
PS 48(BRONX),08X048,X048
PS 49 (BRONX),07X049,X049
PS 51 BRONX NEW SCHOOL(XW),10X051,X781
PS 53(BRONX),09X053,X053
PS 54(BRONX),10X054,X054
PS 55(XE),09X055,X055
PS 56 NORWOOD HEIGHTS(BRONX),10X056,X056
PS 57(BRONX),85X057,X057
PS 58(BRONX),09X058,X058
PS 59(BRONX),85X059,X059
PS 61(BRONX),12X061,X061
PS 62(BRONX),08X062,X062
PS 63(BRONX),85X063,X063
PS 64(BRONX),09X064,X064
PS 65(BRONX),85X065,X065
PS 66 (BRONX),12X066,X066
PS 67(BRONX),12X067,X067
PS 68(BRONX),11X068,X068
PS 70(BRONX),09X070,X070
PS 71(BRONX),08X071,X071
PS 72(BRONX),08X072,X072
PS 73(BRONX),09X073,X073
MS 201 SCHOOL OF THEATRE ARTS & RES(XE),08X201,X201
PS/MS 75(BRONX),08X075,X075
PS 76(BRONX),11X076,X076
BEDFORD PARK ELEMENTARY SCHOOL(XW),10X077,X177
PS 78(BRONX),11X078,X078
MS 80(XW),10X080,X080
PS 81(BRONX),10X081,X081
PS 83(BRONX),11X083,X083
PS 85(BRONX),85X085,X085
PS 86(BRONX),10X086,X086
PS 87(BRONX),11X087,X087
PS 88(BRONX),09X088,X088
PS 89(BRONX),11X089,X089
PS 91(BRONX),85X091,X091
PS 92(BRONX),12X092,X092
PS 93(BRONX),08X093,X093
PS 94 KINGS COLLEGE SCHOOL(BRONX),10X094,X094
PS 96(BRONX),11X096,X096
PS 97(BRONX),11X097,X097
IS 98(XE),12X098,X098
PS 100(XE),08X100,X100
PS 105(XE),11X105,X105
PS 106(XE),11X106,X106
PS 107(XE),08X107,X107
PS 108(XE),11X108,X108
PS 109(XW),09X109,X109
PS 110 THEODORE SCHOENFELD(XE),09X110,X110
PS 111(XE),11X111,X111
PS 112(XE),11X112,X112
PS 114(XW),85X114,X114
IS 117 JOSEPH H. WADE(XW),09X117,X117
PS 119(XE),08X119,X119
PS 121(XE),11X121,X121
IS 123(XE),08X123,X123
THE SCHOOL FOR INQUIRY AND SOCIAL JUSTICE(BRONX),08X337,X123
IS 125(XE),08X125,X125
PS 126(XW),09X126,X126
MS 127(XE),11X127,X127
MOTT HALL III(XE),09X128,X110
PS 129(XW),12X129,X129
PS 130(XE),08X130,X130
MS 131(XE),08X131,X131
PS 132(XE),09X132,X132
PS 134(XE),12X134,X134
PS 138(XE),08X138,X138
PS 140(XE),08X140,X140
IS/JHS 141(XW),10X141,X141
MS 144(XE),11X144,X144
PS 146(XE),08X146,X146
PS 150(BRONX),12X150,X150
IS 151(XW),07X151,X151
PS 152(BRONX),08X152,X152
PS 153(BRONX),11X153,X153
PS 154(BRONX),07X154,X154
PS 157(BRONX),85X157,X157
PS 159(BRONX),10X159,X159
PS 160(BRONX),11X160,X160
PS 163(BRONX),09X163,X163
P168(XW),75X168,X020
PS 168 @ MS 203(BRONX),75X168,X183
BAYCHESTER ACADEMY(XE),11X169,X169
PS 170(BRONX),09X170,X170
PS 175(BRONX),11X175,X175
PS 178(BRONX),11X178,X178
PS 179(XW),07X179,X040
IS/JHS 180(XE),11X180,X180
MS 181(XE),11X181,X181
PS 182(XE),08X182,X182
PS 186(BRONX),12X186,X136
IS 190(XE),12X190,X061
PS/MS  194(BRONX),11X194,X194
PS 195(BRONX),85X195,X077
PS 196(BRONX),85X196,X077
PS 199(BRONX),09X199,X104
PS 204 MORRIS HEIGHTS(XW),09X204,X338
PS 205(BRONX),10X205,X205
IS/JHS 206(XW),10X206,X206
PS 207(BRONX),10X207,X819
NEW VISIONS CHARTER HIGH SCHOOL FOR THE HUMANITIES II,84X208,X655
PS 209(BRONX),10X209,X209
PS 211(BRONX),12X211,X193
PS 212(XE),12X212,X198
BRONX ENGINEERING & TECHNOLOGY ACADEMY(XW),10X213,X475
PS 214(BRONX),12X214,X167
KAPPA I(XE),09X215,X148
IS 216 BUSINESS SCHOOL FOR ENTREPREN. STUDIES(XE),12X216,X116
IS 217 SCHOOL OF PERFORMING ARTS(BRONX),12X217,X116
PS 218(BRONX),09X218,X235
IS 219 NEW VENTURE SCHOOL(XE),09X219,X148
SOUTH BRONX PREPARATORY:A COLLEGE BOARD SCHOOL(BRONX),07X221,X149
PS/IS 224 (BRONX),07X224,X139
THEATRE ARTS PRODUCTION COMPANY SCHOOL(BRONX),10X225,X137
PS 226(BRONX),10X226,X826
BRONX COLLEGIATE ACADEMY(XW)OLD BRONX EXPEDITIONARY LEARNING HS,09X227,X410
JONAS BRONCK ACADEMY(XW),10X228,X283
EAGLE ACADEMY FOR YOUNG MEN(XW),09X231,X465
IS 232(XW),09X232,X082
PS 236(BRONX),09X236,X173
"THE MARIE CURIE HS FOR NURSING,MEDICINE & ALLIED HEALTH PROFESSIONS(BRONX)",10X237,X143
THE URBAN ASSEMBLY SCHOOL FOR APPLIED MATH & SCIENCE(BRONX),09X241,X970
MOTT HALL V(XE),12X242,X423
WEST BRONX ACADEMY FOR THE FUTURE(BRONX),10X243,X435
THE NEW SCHOOL FOR LEADERSHIP AND JOURNALISM(BRONX),10X244,X143
THE METROPOLITAN HS(BRONX),12X248,X099
BRONX HEALTH SCIENCES HS(XE),11X249,X455
EXIMIUS COLLEGE PREPARATORY ACADEMY(XE),09X250,X002
EXPLORATIONS ACADEMY(XE),12X251,X098
MOTT HALL BRONX HS(XE),09X252,X970
BRONX HS FOR WRITING & COMMUNICATION ARTS(XE),11X253,X425
MS 254(XW),10X254,X254
BRONX CENTER FOR SCIENCE & MATHEMATICS(XE),09X260,X002
VALIDUS PREPARATORY ACADEMY:AN EXPEDITIONARY LEARNING SCHOOL(BRONX),09X263,X970
BRONX LAB SCHOOL(XE),11X265,X425
BRONX LATIN(XE),12X267,X158
IS 158(XE),12X158,X158
KINGSBRIDGE INTERNATIONAL HS(XW),10X268,X430
BRONX STUDIO SCHOOL FOR WRITERS & ARTISTS(XE),08X269,X392
ACADEMY FOR SCHOLARSHIP & ENTREPRENEURSHIP(XE),11X270,X362
EAST BRONX ACADEMY FOR THE FUTURE(XE),12X271,X973
FREDERICK DOUGLASS ACADEMY V MIDDLE SCHOOL(XW),12X273,X057
HS OF COMPUTERS & TECHNOLOGY(XE),11X275,X425
PS 277(BRONX),07X277,X027
PS 279(BRONX),10X279,X279
PS 280(BRONX),10X280,X080
WOMENS ACADEMY OF EXCELLENCE(BRONX),08X282,X174
BRONX SCHOOL OF LAW & FINANCE(XW),10X284,X475
FANNIE LOU HAMER MIDDLE SCHOOL(XE),12X286,X066
COLLEGIATE INSTITUTE FOR MATH & SCIENCE(XE),11X288,X415
BRONX ACADEMY OF HEALTH CAREERS(XE),11X290,X425
PS 291(BRONX),10X291,X015
RENAISSANCE HIGH SCHOOL OF MUSICAL THEATER AND TECHNOLOGY(BRONX),08X293,X405
SOUTH BRONX ACADEMY FOR APPLIED MEDIA(BRONX),07X296,X184
MORRIS ACADEMY FOR COLLABORATIVE STUDIES(XE),09X297,X400
ACADEMY OF PUBLIC RELATIONS(XW),07X298,X184
ASTOR COLLEGIATE ACADEMY(XE),11X299,X415
THE SCHOOL OF SCIENCE & APPLIED LEARNING(XW),12X300,X234
MS 301(XE),08X120,X120
MS 302(XE),08X052,X052
IS/JHS 303(XW),09X303,X082
PS 304 EARLY CHILDHOOD SCHOOL(BRONX),08X304,X101
PS 306(BRONX),10X306,X306
PS 307(BRONX),10X307,X886
BRONX DANCE ACADEMY SCHOOL(XW),10X308,X852
PS 310(BRONX),10X310,X122
MILLENIUM ART ACADEMY(XE),08X312,X450
IS 339 SCHOOL OF COMM TECH(XE),09X313,X147
PS 315(BRONX),10X315,X779
KAPPA III(XW),12X316,X129
MS 318(XW),12X318,X193
PULSE (PROVIDING URBAN LEARNERS SUCCESS IN EDUCATION)(XW),10X319,X211
PELHAM LAB HIGH SCHOOL (XE),08X320,X405
CROTONA ACADEMY HS(XE),12X321,X963
BRONX WRITING ACADEMY(XW),09X323,X022
BRONX EARLY COLLEGE ACADEMY FOR TEACHING & LEARNING(XW),09X324,X166
URBAN SCIENCE ACADEMY(XW),09X325,X145
BRONX GREEN MIDDLE SCHOOL(XE),11X326,X135
NEW MILLENNIUM BUSINESS ACADEMY MIDDLE SCHOOL(XW),09X328,X145
DREAMYARD PREPARATORY SCHOOL(XW),09X329,X410
HOLCOMBE L. RUCKER SCHOOL OF COMMUNITY RESEARCH(XE),08X332,X039
INTERNATIONAL COMMUNITY HS(XW),07X334,X139
IS/JHS 339(XE),09X339,X147
PS 340(BRONX),10X340,X340
ACCION ACADEMY(XW),12X341,X116
INTERNATIONAL SCHOOL FOR LIBERAL ARTS(XW),10X342,X430
AMPARK NEIGHBORHOOD PROGRAM(XW),10X344,X095
HYDE LEADERSHIP CHARTER SCHOOL BRONX(XE),84X345,X074
SCHUYLERVILLE PREPARATORY HIGH SCHOOL (XE),08X348,X405
BRONX RIVER HIGH SCHOOL (XE),08X349,X405
NEW DIRECTIONS SECONDARY SCHOOL,09X350,X410
IS 142(XE),11X142,X142
PS 360(BRONX),10X360,X360
THE HIGHBRIDGE GREEN SCHOOL(XW),09X361,X285
ACADEMY FOR LANGUAGE & TECHNOLOGY(XW),09X365,X082
ARCHIMEDES ACADEMY FOR MATH SCIENCE & TECHNOLOGY APPLICATIONS(XE),08X367,X174
IN-TECH ACADEMY (MS/HS 368) (XW),10X368,X368
URBAN INSTITUTE OF MATHEMATICS (BRONX),08X371,X192
URBAN ASSEMBLY SCHOOL FOR WILDLIFE CONSERVATION (BRONX),12X372,X067
KNOWLEDGE & POWER PREPARATORY ACADEMY INTERNATIONAL HS KAPPA(XW),10X374,X435
THE BRONX MATHEMATICS PREPARATORY SCHOOL,08X375,X174
ANTONIA PANTOJA PREPARATORY ACADEMY(XE),08X376,X450
JILL CHAIFETZ TRANSFER HS(XW),07X379,X184
BRONX HAVEN HS(XW),07X381,X600
EMOLIOR ACADEMY(XW),12X383,X167
ENTRADA ACADEMY(XE),12X384,X116
PAN AMERICAN INTERNATIONAL HS@MONROE(XE),12X388,X420
BRONX GLOBAL LEARNING INSTITUTE FOR GIRLS CHARTER SCHOOL(XW),84X389,X156
MS 390(XW),10X390,X026
MS 391(XW),10X391,X137
BRONX DELTA SCHOOL(XE),08X392,X192
PS 396(BRONX),10X396,X026
ENGLISH LANGUAGE LEARNERS & INTERNATIONAL SUPPORT PREPARATORY ACADEMY(XW),10X397,X475
BRONX INTERNATIONAL HS(XE),09X403,X400
SCHOOL FOR EXCELLENCE(BRONX),09X404,X400
HERBERT H LEHMAN HS(XE),08X405,X405
BRONX HS OF BUSINESS(XW),09X412,X410
BRONX HS FOR MEDICAL SCIENCE(XW),09X413,X410
CHRISTOPHER COLUMBUS HS GED(XE),72X416,X415
BRONX HS FOR THE VISUAL ARTS(XE),11X418,X839
HUNTS POINT SCHOOL(XE),08X424,X074
COMMUNITY SCHOOL FOR SOCIAL JUSTICE(XW),07X427,X884
MONROE ACADEMY FOR BUSINESS & LAW(XE),12X428,X420
BRONX BRIDGES HS(XE),08X432,X450
HS FOR TEACHING & THE PROFESSIONS(XW),10X433,X430
BELMONT PREPARATORY HS(XW),10X434,X435
FORDHAM HS FOR THE ARTS(XW),10X437,X435
FORDHAM LEADERSHIP ACADEMY FOR BUSINESS & TECHNOLOGY(XW),10X438,X435
BRONX HS FOR LAW & COMMUNITY SERVICE(XW),10X439,X435
DEWITT CLINTON HS(XW),10X440,X440
THE CELIA CRUZ BRONX HS OF MUSIC(BRONX),10X442,X430
BRONX HS OF SCIENCE(XW),10X445,X445
CRESTON ACADEMY(XW),10X447,X079
SOUNDVIEW ACADEMY FOR CULTURE & SCHOLARSHIP(XE),08X448,X131
GRANT AVENUE ELEMENTARY SCHOOL(XW),09X449,X166
GOTHAM COLLABORATIVE HIGH SCHOOL (BRONX GUILD)(XE),08X452,X450
HARRY S TRUMAN HS(XE),11X455,X455
EAST FORDHAM ACADEMY FOR THE ARTS(XW),10X459,X115
CORNERSTONE ACADEMY FOR SOCIAL ACTION MIDDLE SCHOOL CASA(XE),11X462,X189
SUCCESS ACADEMY CHARTER SCHOOL - BRONX 4 - NEW YORK 2(XE),84X464,X131
MOTT HALL COMMUNITY SCHOOL(XE),08X467,X192
PELHAM ACADEMY OF ACADEMICS & COMMUNITY ENGAGEMENT(XE),11X468,X135
PS 469(XE),09X469,X177
MOTT HAVEN VILLAGE PREPARATORY HS(XW),07X473,X470
MARBLE HILL HS FOR INTERNATIONAL STUDIES(XW),10X477,X475
THE CINEMA SCHOOL(BRONX),12X478,X423
BRONX CAREER & COLLEGE PREPARATORY HS(XE),12X479,X158
THE STEAM BRIDGE SCHOOL,11X481,X311
SUCCESS ACADEMY CHARTER SCHOOL - BRONX 1(XW),84X493,X183
UNIVERSITY HEIGHTS SECONDARY SCHOOL(BRONX),07X495,X470
VAN NEST ACADEMY(BRONX),08X498,X498
HOSTOS LINCOLN ACADEMY OF SCIENCE(XW),07X500,X162
BRONX SCHOOL FOR LAW GOVERNMENT & JUSTICE(XW),09X505,X460
BRONXDALE HS(XE),11X508,X415
BRONX ENVISION ACADEMY(XE),12X511,X098
NEW WORLD HS(XE),11X513,X362
BRONXWOOD PREPARATORY ACADEMY(XE),11X514,X362
FREDERICK DOUGLASS ACADEMY III SECONDARY SCHOOL(XE),09X517,X148
FELISA RINCON DE GAUTIER INSTITUTE FOR LAW & PUBLIC POLICY(XE),08X519,X972
THE METROPOLITAN SOUNDVIEW HS(XE),12X521,X420
BRONX DESIGN & CONSTRUCTION ACADEMY(XW),07X522,X600
CROTONA INTERNATIONAL HS(XW),10X524,X660
BRONX LEADERSHIP ACADEMY HS(XE),09X525,X876
BRONX LEADERSHIP ACADEMY II HS(XW),07X527,X790
BANANA KELLY HS(XE),08X530,X039
PS 102(XE),12X102,X102
BAYCHESTER MIDDLE SCHOOL(XE),11X532,X142
BRONX ARENA HS(XE),08X537,X972
THE NEW VISIONS CHARTER HS FOR ADVANCED MATH AND SCIENCE(XW),84X539,X475
PELHAM PREPARATORY ACADEMY(XE),11X542,X415
HS FOR VIOLIN & DANCE(XE),09X543,X400
HS FOR CONTEMPORARY ARTS(XE),11X544,X425
BRONX AEROSPACE HS(XE),11X545,X425
BRONX THEATRE HS(XW),10X546,X475
NEW EXPLORERS HS(XW),07X547,X790
URBAN ASSEMBLY SCHOOL FOR CAREERS IN SPORTS(BRONX),07X548,X790
DISCOVERY HS(XW),10X549,X430
HS OF WORLD CULTURES(XE),12X550,X420
THE URBAN ASSEMBLY BRONX ACADEMY OF LETTERS(XW),07X551,X183
THE NEW VISIONS CHARTER HS FOR THE HUMANITIES(XW),84X553,X475
MOTT HAVEN COMMUNITY HS(XW),07X557,X655
WESTCHESTER SQUARE ACADEMY (XE),08X558,X405
SCHOOL FOR TOURISM AND HOSPITALITY(XE),08X559,X650
THE BRONX COMPASS HIGH SCHOOL (XE),08X561,X450
HS FOR ENERGY & TECHNOLOGY(XW),10X565,X660
YOUNG WOMEN'S LEADERSHIP SCHOOL OF THE BRONX(XW),09X568,X117
ALFRED SMITH CAREER & TECHNICAL EDUCATION HS(XW),07X600,X600
WILDCAT HS(BRONX),12M455,XAJF
HEALTH OPPORTUNITIES HS(XW),07X670,X884
FANNIE LOU HAMMER FREEDOM HS(XE),12X682,X878
WINGS ACADEMY(BRONX),12X684,X879
BRONX LITTLE(XE),12X691,X102
P721 OTC(XE),75X721,X722
P723(XE),11X723,X701
JM RAPPORT SCHOOL FOR CAREER DEVELOPMENT(XW),75X754,X155
P811 BRONX CMHC(XE),75X811,X084
P168 ANNEX(XW),10X842,X095
EVANDER CHILDS EVENING HS(XE),79X901,X425
ACADEMY FOR CAREERS IN TELEVISION AND FILM(QN),30Q301,
ACADEMY FOR PERSONAL LEADERSHIP & EXCELLENCE(XW),10X363,
ACADEMY FOR YOUNG WRITERS(BN),19K404,
ACADEMY OF INNOVATIVE TECHNOLOGY(BN),19K618,
BEACON HS(MN),03M479,
BRIGHTER CHOICE COMMUNITY SCHOOL(BN),16K627,
BRONX COMMUNITY HS(XE),08X377,
BRONX PREPARATORY CHARTER SCHOOL(XE),84X703,
BRONX REGIONAL HS(XE),12X480,
BROOKLYN ARTS AND SCIENCE ELEMENTARY SCHOOL(BN),17K705,
BROOKLYN COLLEGE ACADEMY(BS),22K555,
BROOKLYN DEMOCRACY ACADEMY(BN),23K643,
BROOKLYN HS OF THE ARTS(BN),15K656,
BROOKLYN LAB SCHOOL(BN),19K639,
BROOKLYN SCHOOL OF INQUIRY(BS),20K686,
BROOKLYN SCIENCE AND ENGINEERING ACADEMY(BS),18K763,
BUSHWICK COMMUNITY HS(BN),32K564,
CAREERS IN SPORTS HS(BRONX),07X548,
CENTRAL PARK EAST HS(MN),04M555,
CENTRAL PARK EAST I(MN),04M497,
CHRISTOPHER AVENUE COMMUNITY SCHOOL(BN),23K401,
CSI HS FOR INTERNATIONAL STUDIES(SI),31R047,
CYPRESS HILLS COLLEGIATE PREPARATORY SCHOOL(BN),19K659,
EAGLE ACADEMY FOR YOUNG MEN II(BN),23K644,
EAST ELMHURST COMMUNITY SCHOOL(QN),30Q329,
EAST HARLEM SCHOLARS ACADEMY CHARTER SCHOOL(MN),84M518,
ELIJAH STROUD MIDDLE SCHOOL(BN),17K353,
ELM TREE ELEMENTARY SCHOOL(QN),24Q211,
FOREST HILLS HS(QN),28Q440,
FREDERICK DOUGLASS ACADEMY VII HIGH SCHOOL(BN),23K514,
FREDERICK DOUGLASS ACADEMY VIII MIDDLE SCHOOL(BN),19K452,
GAYNOR MCCOWN EXPEDITIONARY LEARNING SCHOOL(SI),31R064,
GRAMERCY ARTS HS(MS),02M374,
HARLEM LINK CHARTER SCHOOL(MN),84M329,
HAWTREE CREEK MIDDLE SCHOOL(QS),27Q297,
HS OF SPORTS MANAGEMENT(BS),21K348,
ICAHN CHARTER SCHOOL 3(XW),84X422,
INTERNATIONAL HS AT LAFAYETTE(BS),21K337,
INWOOD ACADEMY FOR LEADERSHIP CHARTER SCHOOL(MN),84M478,
JOHN W. LAVELLE PREPARATORY CHARTER SCHOOL(SI),84R067,
KHALIL GIBRAN INTERNATIONAL ACADEMY(BN),15K592,
KINGSBOROUGH EARLY COLLEGE SCHOOL(BS),21K468,
LIFE ACADEMY HS FOR FILM & MUSIC(BS),21K559,
LOWER EAST SIDE PREPARATORY HS(MS),01M515,
MANHATTAN INTERNATIONAL HS(MN),02M459,
METROPOLITAN DIPLOMA PLUS HS(BN),23K647,
MIDDLE SCHOOL FOR ART & PHILOSOPHY(BS),18K588,
MOTT HALL IV(BN),23K522,
MULTICULTURAL HS(BN),19K583,
NEW HEIGHTS ACADEMY CHARTER SCHOOL(MN),84M353,
PASSAGES ACADEMY(XW),79X695,
PS 109(BROOKLYN),22K109,
PS 110(QN),24Q110,
PS 134 HOLLIS(QS),29Q134,
PS 138(MN),75M138,
PS 155(QUEENS),27Q155,
PS 161 THE CROWN(BS),17K161,
PS 295(BROOKLYN),15K295,
PS 36(BROOKLYN),75K036,
PS 398 WALTER WEAVER(BROOKLYN),17K398,
PS 452(MN),03M452,
PS 65 THE ACADEMY OF INNOVATIVE LEARNING(SI),31R065,
PS 770 NEW AMERICAN ACADEMY(BROOKLYN),17K770,
QUEENS ACADEMY HS(JAMAICA CAMPUS),25Q540,
RACHEL CARSON HIGH SCHOOL FOR COASTAL STUDIES(BROOKLYN),21K344,
RENAISSANCE SCHOOL OF THE ARTS(MN),04M377,
RICHARD R. GREEN HIGH SCHOOL OF TEACHING(MS),02M580,
RIVERTON STREET CHARTER SCHOOL(QS),84Q341,
SCHOOL FOR GLOBAL LEADERS(MANHATTAN),01M378,
SPRING CREEK COMMUNITY SCHOOL(BN),19K422,
SUCCESS ACADEMY CHARTER SCHOOL - BRONX 2(XE),84X494,
SUCCESS ACADEMY CHARTER SCHOOL - HARLEM 1(MN),84M351,
SUNSET PARK PREP(BROOKLYN),15K821,
TEACHERS PREPARATORY HS(BROOKLYN),23K697,
THE ACADEMY OF TALENTED SCHOLARS(BROOKLYN),20K682,
THE BROOKLYN SCHOOL FOR MATH & RESEARCH(BN),32K168,
THE EMERSON SCHOOL(QS),28Q287,
THE PECK SLIP SCHOOL(MS),02M343,
THE URBAN ASSEMBLY SCHOOL FOR EMERGENCY MANAGEMENT(MANSOUTH),02M135,
THE URBAN ASSEMBLY SCHOOL FOR EMERGENCY MANAGEMENT(MS),02M135,
UNITY CENTER FOR URBAN TECHNOLOGIES(MS),02M500,
YORK EARLY COLLEGE ACADEMY(QUEENS),28Q284,
ASPIRATIONS DIPLOMA PLUS HIGH SCHOOL,17K646,
GARDEN OF LEARNING AND DISCOVERY PRE-K CENTER,09X582,
GOTHAM PROFESSIONAL ARTS ACADEMY,13K594,
HUNTERS POINT COMMUNITY MIDDLE SCHOOL,30Q291,
HUNTERS POINT ELEMENTARY SCHOOL,30Q384,
I.S. 206 ANN MERSEREAU,10X206,
JOSEPH F. QUINN INTERMEDIATE SCHOOL 77,24Q077,
KIPP FREEDOM CHARTER SCHOOL,84X598,
NEW VISIONS A.I.M. CHARTER HIGH SCHOOL I,84K395,
PORT RICHMOND SCHOOL FOR VISIONARY LEARNING,31R068,
SOUTH RICHMOND HIGH SCHOOL I.S./P.S. 25,75R025,
SUCCESS ACADEMY CHARTER SCHOOL - BUSHWICK,84K882,
SUCCESS ACADEMY CHARTER SCHOOL - FAR ROCKAWAY,84Q375,
THE HIGH SCHOOL FOR CLIMATE JUSTICE,02M655,
UNIVERSITY PREP CHARTER MIDDLE SCHOOL,84X615,
51ST AVE ACADEMY(QN),30Q301,
A-TECH HIGH SCHOOL-(BN),14K610,K610
ACADEMY FOR INTEGRATED LEARNING (BN),17K354,
ACADEMY OF URBAN PLANNING(BN),32K552,
ACHIEVEMENT FIRST BUSHWICK(BN),84K538,
ACHIEVEMENT FIRST LINDEN MIDDLE CHARTER SCHOOL,84K788,
ACORN HS FOR SOCIAL JUSTICE(BN),16K498,
ALC - AUGUST MARTIN HS@A. MARTIN HS (QS),27Q995,Q400
ALC-JAMAICA ACADEMY@ALC-COMPLEX (OLD PS 182Q - QNS),28Q987,Q883
ALC-ROYAL 180 ACADEMY@ALC-COMPLEX(OLD PS182Q-QNS),28Q975,Q833
ALFRED E. SMITH CAMPUS YABC(XW),07X600,
ALTERNATIVE LEARNING CENTER@STEVENSON CAMPUS,08X996,
AMPARK NEIGHBORHOOD SCHOOL(XW),10X344,
ART & DESIGN HS,02M630,M488
AUTOMOTIVE HS(BN),14K610,K610
BARD HS(MS),01M696,M097
BARUCH COLLEGE  HS(MS),02M411,M874
BEGINNING WITH CHILDREN CHARTER SCHOOL(BN),84K703,K071
BRONX ADULT LEARNING CENTER(XE),1.00E+03,X126
BRONX COLLABORATIVE HIGH SCHOOL (XW),10X351,
BRONX INTERNATIONAL ACADEMY(XE),09X403,
BROOKLYN ADULT LEARNING CENTER(BN),1.80E+09,
BROOKLYN COLLEGIATE(BN),23K493,K055
BROOKLYN INTERNATIONAL HS AT WATERS EDGE(BN),13K439,K805
BROOKLYN SCHOOL FOR GLOBAL STUDIES(BS),20K748,
BUSHWICK LEADERS HS FOR ACADEMIC EXCELLENCE,32K556,Q849
BUSHWICK SCHOOL FOR SOCIAL JUSTICE(BN),32K549,K480
CITY AS SCHOOL HS (MS),02M560,M641
CITY KNOLL SCHOOL,02M933,M111
CLAREMONT INTERNATIONAL HIGH SCHOOL,09X564,
CLINTON SCHOOL@PS 11(MS),02M260,M868
COLLEGE POINT COLLABORATIVE (MS 379Q),25Q379,Q379
COLUMBIA SECONDARY SCHOOL FOR MATH SCIENCE & ENGINEERING(MN),05M362,M125
COMPREHENSIVE MODEL SCHOOL PROJECT MS 327(XW),09X327,X240
DEMOCRACY PREPARATORY HARLEM CHARTER SCHOOL(MN),84M481,
DEWITT CLINTON HS GED(XW),10X440,
DISTRICT 2 PREK CENTER@M453,02M391,M453
DISTRICT 75 SECONDARY SITE 75R373 (R070),75R373,R070
DOCK STREET SCHOOL(BN),13K313,K611
DR SUSAN MCKINNEY SECONDARY SCHOOL OF THE ARTS(BN),13K265,
EAGLE ACADEMY FOR YOUNG MEN OF STATEN ISLAND(SI),31R028,
EAST NEW YORK ARTS AND CIVICS HIGH SCHOOL,19K953,K116
EDWARD R MURROW HS GED(BS),21K525,K525
EPIC HIGH SCHOOL - SOUTH (QS),27Q314,Q226
EVANDER CHILDS HS(XE),11X425,
EXPEDITIONARY LEARNING SCHOOL FOR COMMUNITY LEADERS(BS),21K572,
EXPLORE EXCEED CHARTER SCHOOL@K022,84K333,K022
FLUSHING EVENING HS MON & WED(QN),25Q460,
FORT HAMILTON HS GED(BS),20K490,
FREDRICK DOUGLAS SECONDARY(MN),05M499,M010
GIRLS PREPARATORY CHARTER SCHOOL OF NY(MS),84M330,
HARVEST COLLEGIATE,02M534,M833
HIGHLAND PARK COMMUNITY SCHOOL @ IS 171(BN),19K760,K171
INTERNATIONAL HS@LAGUARDIA COMMUNITY COLLEGE(QN),24Q530,Q520
INVICTUS PREPARATORY CHARTER SCHOOL(BN),84K386,
IS 005Q-THE WALTER CROWLEY INTERMEDIATE SCHOOL (QN),24Q005,
IS 109(QS),29Q109,Q109
IS 171 ABRAHAM LINCOLN(BN),19K171,K171
IS 206 ANN MERSEREAU,10X206,X206
IS 223(MN),05M702,M223
IS 230 ANNEX(QN),30Q230,Q230
IS 30 ANNEX (BS),20K030,
IS 313 SCHOOL OF LEADERSHIP DEVELOPMENT(XE),09X313,X147
IS 347 SCHOOL OFHUMANITIES(BN),32K347,K111
"IS 349 MATH, SCIENCE & TECHNOLOGY(BN)",32K349,K111
IS 364 ANNEX(BN),19K364,K872
IS 381(BS),22K381,K240
IS 392(BN),23K392,K356
IS/JHS 250(MN),03M250,M075
IS/PS 298Q,24Q211,Q298
JAMES MADISON GED(BS),22K425,K425
JHS 185(QN),25Q185,Q185
JOHN ADAMS EVENING M/W(QS),27Q480,
JOHN ADAMS EVENING T/R(QS),27Q480,
JOHN DEWEY GED(BS),21K540,
JOHN F KENNEDY JR. SCHOOL (OLD P721 OTC)(QN),75Q721,Q722
KAPPA V(BN),23K518,
KHALIL GIBRAN INTERNATIONAL ACADEMY@K806 (BN),15K592,K806
KIPP FREEDOM CHARTER SCHOOL (BRONX),84X598,
KIPP STAR COLLEGE PREPARATORY CHARTER SCHOOL(MN),84M726,
LAFAYETTE HS(BS),21K400,
LEADERSHIP PREP BROWNSVILLE CHARTER SCHOOL @ PS 284(BN),84K711,
M751-MANHATTAN SCHOOL FOR CAREER DEV.@PS/IS 323M,75M751,
MARSH AVENUE SCHOOL FOR EXPEDITIONARY LEARNING (OLD IS 43) (SI),31R063,
MCCOWN EXPEDITIONARY LEARNING SCHOOL(SI),31R064,R043
METROPOLITAN CORPORATE ACADEMY HS(BN),15K592,K806
MIDDLE COLLEGE HIGH SCHOOL AT LAGUARDIA COMMUNITY COLLEGE(QUEENS),24Q520,Q520
MIDWOOD ANNEX(BS),22K405,
MOSAIC PREK CNTR@68-20 MYRTLE AVE(Q392),24Q331,Q392
MS 246 WALT WHITMAN(BS),17K246,K246
MS 260 CLINTON SCHOOL WRITERS & ARTISTS(MS),02M260,M868
MS 260M - CLINTON SCHOOL FOR WRITERS & ARTIST,02M260,M868
MS 266 PARK PLACE COMMUNITY MIDDLE SCHOOL(BS),13K266,K902
MS 311Q-CORONA ARTS & SCIENCE ACADEMY,24Q311,Q311
MS 390(BN),17K390,X206
MS 890K,15K890,K338
MS 936K,20K936,K746
MS/HS 368(XW),10X368,X368
MS839 (BS),15K839,K437
MULTICULTURAL HS (BKLYN),19K583,K420
NEST+M NEW EXPLORATIONS INTO SCIENCE TECHNOLOGY & MATH HS(MS),01M539,M022
NEW DORP EVENING M/W(SI),31R440,R435
NEW DORP EVENING T/R(SI),31R440,R435
NEW HEIGHTS MIDDLE SCHOOL (BS-K722),17K722,K391
NEW UTRECHT EVENING HS M/W(BS),20K445,
NEW VISIONS CHARTER HIGH SCHOOL FOR ADVANCE MATH & SCIENCE III,84K738,
NEW VISIONS CHARTER HIGH SCHOOL FOR THE HUMANITIES III,84K739,
NEW VOICES SCHOOL OF ACADEMICS & CREATIVE ARTS(BS),15K443,
NORTHSIDE CHARTER SCHOOL(BROOKLYN),84K693,
NYC LAB MS FOR COLL. STUDIES(MS),02M312,
NYC LAB SCHOOL FOR COLLABORATIVE STUDIES(MS),02M412,
P 226@380 (MN),75M226,
P.S. 375-JACKIE ROBINSON SCHOOL (BROOKLYN),17K375,
P009Q@Q268,75Q009,
P009Q@Q882(OLD PS 182Q),75Q009,
P094(MS),75M094,
P141@PS35(BN),75K141,
P17@IS184(XW),75X017,
P17@PS161(XW),75X017,
P186(XE),75X186,
P188@JHS120(XE),75X188,
P25 ANNEX(SI),75R025,R025
P256(QS),75Q256,
P256@BEACH CHANNEL HS(QS),75Q256,
P36(BS),75K036,
P371ANNEX(BS),75K371,
P77(BN),75K077,
P771(BS),75K771,
P811M (MN),75M811,
P9@WALTER REED SCHOOL(QN),75Q009,Q009
P94(MS),75M094,
PAUL ROBESON HS(BN),17K191,
PEACE & DIVERSITY ACADEMY(XE),12X278,
PREK CENTER@BISHOP FORD HS (BS),15K863,
PROGRESS HS FOR PROFESSONAL STUDIES(BN),14K474,
PS 022 GRANITEVILLE,31R022,R022
PS 044 THOMAS C. BROWN,31R044,R044
PS 103(XE),11X103,
PS 110Q @ PS 315Q (QN),24Q110,
PS 112 - MAIN BUILDING (BS),20K112,K112
PS 112(BS),20K112,
PS 115(QS),26Q115,
PS 118(QS),29Q118,
PS 119(BS),22K119,
PS 125(MN),05M125,
PS 128 MINISCHOOL(MN),06M128,
PS 13(BN),19K013,
PS 133(QS),26Q133,
PS 140(QS),28Q140,
PS 143(QN),24Q143,
PS 147(BN),14K147,
PS 156(BROOKLYN),23K156,
PS 16 (STATEN ISLAND),31R016,
PS 16(BROOKLYN),14K016,
PS 161(BRONX),07X161,
PS 176(BRONX),75X176,
PS 181(QUEENS),29Q181,Q181
PS 188 (BRONX),75X188,
PS 190(BROOKLYN),19K190,
PS 191(MANHATTAN),03M452,M191
PS 192 # 2(MANHATAN),06M192,
PS 196(QUEENS),28Q196,Q196
PS 20(BROOKLYN),13K020,K020
PS 206 @PS 112(MANHATTAN),04M206,M206
PS 207 ANNEX(PBBS),22K207,K729
PS 215(QUEENS),27Q215,
PS 219 ANNEX(BS),18K219,
PS 232(QUEENS),27Q232,Q232
PS 246(BRONX),10X246,X843
PS 256 @ PS 43(QUEENS),75Q256,
PS 256(QUEENS),75Q256,
PS 273 (QUEENS),27Q273,Q273
PS 305(BROOKLYN),13K492,K305
PS 315(BROOKLYN),22K315,K152
PS 315Q (QN),26Q315,Q435
PS 315X LAB SCHOOL,10X315,X779
PS 317X@PS 583X,08X583,X317
PS 34(BRONX),75X188,
PS 361Q-THE WOODSIDE COMMUNITY SCHOOL,30Q361,Q339
PS 375-JACKIE ROBINSON SCHOOL (BROOKLYN),17K375,
PS 376Q,26Q376,Q332
PS 40(BROOKLYN),16K040,K040
PS 42 (ANNEX)(STATEN ISLAND),31R042,
PS 45 ANNEX(BN),32K045,K842
PS 46-EDGAR ALLAN POE (BRONX),10X046,
PS 48 WILLIAM C. WILCOX(SI),31R048,
PS 503 THE SCHOOL OF DISCOVERY(BROOKLYN),20K503,
PS 506 SCHOOL OF JOURNALISM & TECHNOLOGY(BROOKLYN),20K506,
PS 51 ELIAS HOWE(MN),02M051,
PS 51 ELIAS HOWE(MS),02M051,
PS 52(QUEENS),29Q052,
PS 56 ANNEX (BRONX),10X056,X056
PS 69 ANNEX(BRONX),08X069,X880
PS 69(BRONX),08X069,
PS 7(MANHATTAN),04M007,
PS 77(BROOKLYN),75K077,
PS 79(QUEENS),25Q079,
PS 80(STATEN ISLAND),31R080,
PS 9(BROOKLYN),13K009,
PS 938,19K938,
PS 94 ANNEX(BRONX),10X094,X361
PS/IS 30 MARY WHITE OVINGTON,20K030,
PS/IS 78Q @ PS/IS 312Q,30Q078,
QUEENS SATELLITE ACADEMY HS(QUEENS),28Q338,
QUEENS VOCATIONAL AND TECHNICAL HIGH SCHOOL(QUEENS),24Q600,Q600
RALPH R  MCKEE CAREER AND TECHNICAL EDUCATION  HS(STATEN ISLAND),31R600,R600
RENAISSANCE SCHOOL(QUEENS),84Q705,Q885
RICHARD R GREEN HS OF TEACHING(MS),02M580,
RIVERDALE/KINGSBRIDGE ACADEMY (MS/HS 141)(BRONX),10X141,
ROBERT E PEARY (PS 75)(QN),75Q075,
ROBERT E PEARY SCHOOL,75Q075,
ROBERT F KENNEDY COMMUNITY HS(QUEENS),25Q670,Q707
ROBERT H GODDARD HS OF COMMUNICATION ARTS & TECHNOLOGY(QUEENS),27Q308,
SATELLITE EAST MIDDLE SCHOOL(BROOKLYN),13K301,
SCHOOL OF DIPLOMACY (BRONX),11X370,
SCIENCE SKILLS CENTER HS AT WATERS EDGE(BROOKLYN),13K419,
SKILLMAN HIGH SCHOOL@P4(QUEENS),75Q004,Q667
SOUTH RICHMOND HIGH SCHOOL I.S./P.S. 25 NORTH SHORE@119,75R025,
SPECIAL MUSIC SCHOOL-PS 859(MANHATTAN),03M859,
SPRINGFIELD GARDENS HS(QUEENS),29Q059,Q059
STEPHEN T. MATHER BUILDING ARTS & CRAFTSMANSHIP HS(MANSOUTH),02M139,M625
SUCCESS ACADEMY @ JHS 22,84X494,X022
SUCCESS ACADEMY CHARTER SCHOOL - ROSEDALE NY 5,84Q337,
SUCCESS ACADEMY CHARTER SCHOOL-SPRINGFIELD GARDENS-NEW YORK 6(QS),84Q339,
SUCCESS ACADEMY WASHINGTON HEIGHTS(MN),84M265,
TEACHERS COLLEGE COMMUNITY SCHOOL ANNEX  MANHATT,05M517,M484
THE 47 AMERICAN SIGN LANGUAGE & ENGLISH LOWER SCHOOL(MS),02M347,M047
THE FORWARD SCHOOL(BRONX),11X370,
"THE HS FOR ENTERPRISE, BUSINESS, & TECHNOLOGY(BN)",14K478,
THE MATH & SCIENCE EXPLORATORY SCHOOL(BN),15K447,
THE RENAISSANCE CHARTER SCHOOL(QN),84Q705,Q885
THE RICHARD H HUNGERFORD SCHOOL(STATEN ISLAND),75R721,
"THE SCHOOL FOR CLASSICS:ACADEMY OF THINKERS,WRITERS & PERFORMERS",19K683,
THE URBAN ASSEMBLY INSTITUTE FOR NEW TECHNOLOGIES(MANHATTAN),05M410,
THE URBAN ASSEMBLY SCHOOL FOR COLLABORATIVE HEALTHCARE(BN),19K764,
THE YOUNG WOMENS LEADERSHIP SCHOOL OF STATEN ISLAND,31R085,
THOMAS A EDISON CAREER AND TECHNICAL EDUCATION  HS(QUEENS),28Q620,Q620
TOMPKINS SQUARE MIDDLE SCHOOL EXTENSION(MANHATTAN),01M839,
URBAN ASSEMBLY HS OF MUSIC & ART AT WATER'S EDGE(BROOKLYN),13K350,
URBAN ASSEMBLY INSTITUTE OF MATH & SCIENCE FOR YOUNG WOMEN(BROOKLYN),13K527,
URBAN ASSEMBLY SCHOOL FOR CRIMINAL JUSTICE (BKLYN),20K609,
URBAN ASSEMBLY SCHOOL FOR LAW & JUSTICE(BROOKLYN),13K483,
WILLIAM E GRADY CAREER AND TECHNICAL EDUCATION  HS(BROOKLYN),21K620,
WILLIAM H MAXWELL CAREER & TECHNICAL EDUCATION HS(BROOKLYN),19K660,
WORLD JOURNALISM PREPARATORY:A COLLEGE BOARD SCHOOL(QUEENS),25Q285,Q025
WORLD VIEW HIGH SCHOOL (XW),10X353,
YOUNG WOMEN LEADERSHIP SCHOOL OF BROOKLYN,14K614,